episode|worker_id|eplen|score|ts
0|0|62|-6.539999999999993|2024-06-04 16:08:57.599342
1|0|100|-12.879999999999981|2024-06-04 16:09:57.444627
2|0|100|-15.849999999999982|2024-06-04 16:10:57.121801
3|0|7|-1.0399999999999991|2024-06-04 16:11:01.348164
4|0|100|-12.879999999999985|2024-06-04 16:12:01.115593
5|0|22|-2.179999999999996|2024-06-04 16:12:14.841104
6|0|9|0.92|2024-06-04 16:12:20.469073
7|0|35|-7.2599999999999945|2024-06-04 16:12:41.416971
8|0|56|-8.45999999999999|2024-06-04 16:13:14.247927
9|0|48|-8.379999999999992|2024-06-04 16:13:42.017278
10|0|86|-12.719999999999986|2024-06-04 16:14:32.688030
11|0|100|-14.859999999999982|2024-06-04 18:22:52.931931
12|0|24|-2.1999999999999957|2024-06-04 18:23:10.256141
13|0|68|-10.559999999999988|2024-06-04 18:23:56.194698
14|0|12|-2.0799999999999983|2024-06-04 18:24:05.548951
15|0|19|-3.139999999999998|2024-06-04 18:24:20.342280
16|0|5|0.96|2024-06-04 18:24:23.542757
17|0|100|-19.81000000000001|2024-06-04 18:25:34.074918
18|0|9|-1.0599999999999987|2024-06-04 18:25:39.537273
19|0|5|0.96|2024-06-04 18:25:42.490890
20|0|7|-1.0399999999999991|2024-06-04 18:25:49.104559
21|0|9|0.92|2024-06-04 18:25:56.630871
22|0|18|-0.16000000000000014|2024-06-04 18:26:08.153655
23|0|100|-19.810000000000013|2024-06-04 18:27:17.998762
24|0|100|-34.660000000000025|2024-06-04 18:28:26.777020
25|0|8|-2.039999999999999|2024-06-04 18:28:32.900862
26|0|37|-1.3399999999999972|2024-06-04 18:28:57.428921
27|0|9|-1.0599999999999987|2024-06-04 18:29:03.554390
28|0|100|-24.76000000000004|2024-06-04 19:51:09.291339
29|0|100|-11.889999999999981|2024-06-04 19:52:21.063483
30|0|100|-10.89999999999998|2024-06-04 19:53:37.141452
31|0|60|-6.519999999999992|2024-06-04 19:54:18.291013
32|0|50|-4.439999999999993|2024-06-04 19:54:53.094753
33|0|38|-4.319999999999993|2024-06-04 19:55:21.418077
34|0|100|-15.849999999999982|2024-06-04 19:56:29.373249
36|0|28|-4.219999999999999|2024-06-04 20:17:49.047591
37|0|100|-11.889999999999983|2024-06-04 20:18:44.190916
38|0|100|-12.879999999999981|2024-06-04 20:19:38.151588
39|0|100|-24.76000000000003|2024-06-04 20:20:32.492584
40|0|18|-4.119999999999999|2024-06-04 20:20:42.763593
41|0|90|-8.799999999999983|2024-06-04 20:21:32.269025
42|0|75|-3.699999999999986|2024-06-04 20:22:12.780471
43|0|58|-12.43999999999999|2024-06-04 20:22:44.223336
44|0|10|-4.039999999999999|2024-06-04 20:22:49.653874
45|0|70|-10.579999999999988|2024-06-04 20:23:28.551464
46|0|100|-5.94999999999998|2024-06-04 21:59:08.822490
47|0|100|-13.869999999999981|2024-06-04 22:00:15.242299
48|0|100|-17.830000000000062|2024-06-04 22:01:20.477005
49|0|52|-4.459999999999994|2024-06-04 22:01:54.239379
50|0|60|-10.479999999999992|2024-06-04 22:02:33.336909
51|0|100|-6.93999999999998|2024-06-04 22:03:39.070908
52|0|100|-22.780000000000037|2024-06-04 22:04:43.873944
53|0|100|-17.830000000000002|2024-06-04 23:02:19.251232
54|0|100|-20.800000000000026|2024-06-04 23:03:22.066652
55|0|27|-3.2199999999999953|2024-06-04 23:03:40.495905
56|0|9|-1.0599999999999987|2024-06-04 23:03:45.347078
57|0|27|-1.2400000000000002|2024-06-04 23:04:02.947317
58|0|82|-10.69999999999999|2024-06-04 23:04:52.321876
59|0|75|-17.56000000000001|2024-06-04 23:05:38.036509
60|0|12|-2.0799999999999987|2024-06-04 23:05:46.830445
61|0|10|-2.059999999999999|2024-06-04 23:05:53.600074
62|0|17|0.84|2024-06-04 23:06:02.810298
63|0|100|-12.879999999999981|2024-06-04 23:07:04.262273
64|0|35|-3.299999999999999|2024-06-04 23:07:25.797589
65|0|5|0.96|2024-06-04 23:07:36.548219
66|0|14|-6.059999999999999|2024-06-04 23:07:44.476616
67|0|14|-2.099999999999998|2024-06-04 23:07:53.027086
68|0|100|-22.77999999999999|2024-06-04 23:08:54.155059
69|0|67|-3.6199999999999894|2024-06-05 00:04:30.343341
70|0|10|-2.0599999999999987|2024-06-05 00:04:37.660026
71|0|12|-0.10000000000000009|2024-06-05 00:04:44.229606
72|0|100|-12.879999999999981|2024-06-05 00:05:46.311113
73|0|55|-11.419999999999991|2024-06-05 00:06:20.420868
74|0|100|-22.780000000000015|2024-06-05 00:07:22.134550
75|0|100|-14.859999999999983|2024-06-05 00:08:25.254598
76|0|40|-8.299999999999995|2024-06-05 00:08:49.558308
77|0|100|-11.889999999999981|2024-06-05 00:09:51.379943
78|0|63|-13.47999999999999|2024-06-05 00:10:30.237427
79|0|100|-18.820000000000018|2024-06-05 01:07:18.431802
80|0|32|-4.259999999999995|2024-06-05 01:07:40.352160
81|0|19|-9.079999999999998|2024-06-05 01:07:52.363274
82|0|100|-15.849999999999982|2024-06-05 01:08:53.368086
83|0|58|-6.499999999999989|2024-06-05 01:09:29.316175
84|0|37|-15.2|2024-06-05 01:09:52.226296
85|0|79|-11.65999999999999|2024-06-05 01:10:43.046878
86|0|97|-17.780000000000012|2024-06-05 01:11:42.471923
87|0|35|-11.219999999999995|2024-06-05 01:12:04.256557
88|0|34|-6.2599999999999945|2024-06-05 01:12:25.303030
89|0|100|-16.839999999999986|2024-06-05 01:13:27.785233
90|0|89|-9.779999999999983|2024-06-05 02:10:19.307804
91|0|100|-16.840000000000007|2024-06-05 02:11:22.693634
92|0|13|-3.0799999999999983|2024-06-05 02:11:31.659307
93|0|15|-3.099999999999998|2024-06-05 02:11:40.874861
94|0|17|-3.1199999999999974|2024-06-05 02:11:51.535896
95|0|13|-5.059999999999999|2024-06-05 02:12:00.788848
96|0|6|-0.040000000000000036|2024-06-05 02:12:04.187463
97|0|16|-2.1199999999999983|2024-06-05 02:12:14.969125
98|0|79|-7.699999999999985|2024-06-05 02:13:04.953021
99|0|100|-26.740000000000055|2024-06-05 02:14:08.301556
100|0|40|-8.299999999999995|2024-06-05 02:14:34.320945
101|0|38|-4.319999999999993|2024-06-05 02:14:57.777291
102|0|100|-21.789999999999996|2024-06-05 02:16:00.482693
103|0|70|-12.559999999999988|2024-06-05 02:16:44.195606
104|0|100|-19.810000000000045|2024-06-05 03:13:39.087989
105|0|13|-1.0999999999999988|2024-06-05 03:13:49.196251
106|0|100|-15.849999999999984|2024-06-05 03:14:53.712108
107|0|59|-9.47999999999999|2024-06-05 03:15:32.124113
108|0|100|-12.879999999999983|2024-06-05 03:16:36.527275
109|0|62|-6.5399999999999885|2024-06-05 03:17:16.142080
110|0|100|-11.889999999999985|2024-06-05 03:18:21.197881
111|0|15|-5.079999999999998|2024-06-05 03:18:31.471334
112|0|15|-5.079999999999999|2024-06-05 03:18:40.317603
113|0|11|0.9|2024-06-05 03:18:48.090033
114|0|100|-8.91999999999998|2024-06-05 03:19:54.093327
115|0|33|-5.259999999999996|2024-06-05 04:16:08.024336
116|0|40|-0.38000000000000034|2024-06-05 04:16:34.329747
117|0|100|-17.829999999999984|2024-06-05 04:17:39.182221
118|0|91|-21.680000000000035|2024-06-05 04:18:37.439088
119|0|100|-16.839999999999982|2024-06-05 04:19:42.473675
120|0|21|0.7999999999999999|2024-06-05 04:19:58.019712
121|0|8|-0.06000000000000005|2024-06-05 04:20:02.598158
122|0|67|-15.500000000000004|2024-06-05 04:20:45.719657
123|0|31|-3.2599999999999953|2024-06-05 04:21:05.849328
124|0|100|-13.869999999999981|2024-06-05 04:22:09.976326
125|0|100|-30.700000000000056|2024-06-05 05:19:52.922916
126|0|24|-2.1999999999999966|2024-06-05 05:20:08.785081
127|0|15|-1.1199999999999992|2024-06-05 05:20:17.096600
128|0|100|-8.919999999999982|2024-06-05 05:21:20.451349
129|0|100|-14.859999999999983|2024-06-05 05:22:23.974743
130|0|24|-2.1999999999999966|2024-06-05 05:22:42.123273
131|0|100|-9.90999999999998|2024-06-05 05:23:39.848968
132|0|47|-7.379999999999992|2024-06-05 05:24:06.768723
133|0|54|-6.45999999999999|2024-06-05 05:24:37.154525
134|0|30|-4.239999999999997|2024-06-05 05:24:54.447365
135|0|11|-1.0799999999999983|2024-06-05 05:25:03.621111
136|0|100|-15.849999999999985|2024-06-05 05:26:00.669675
137|0|13|-3.0799999999999983|2024-06-05 05:26:08.042279
138|0|14|-0.1200000000000001|2024-06-05 05:26:15.789058
139|0|5|0.96|2024-06-05 05:26:18.596489
140|0|100|-21.790000000000035|2024-06-05 06:21:38.387564
141|0|15|-1.1199999999999983|2024-06-05 06:21:46.928796
142|0|100|-15.849999999999989|2024-06-05 06:22:43.624886
143|0|100|-20.799999999999994|2024-06-05 06:23:40.105141
144|0|100|-12.879999999999987|2024-06-05 06:24:36.283957
145|0|5|0.96|2024-06-05 06:24:42.141048
146|0|26|-4.199999999999996|2024-06-05 06:24:56.643699
147|0|9|-1.0599999999999996|2024-06-05 06:25:01.615777
148|0|11|-1.0799999999999983|2024-06-05 06:25:07.974274
149|0|100|-30.70000000000002|2024-06-05 06:26:04.918203
150|0|100|-27.730000000000004|2024-06-05 06:27:03.312900
151|0|33|-9.219999999999997|2024-06-05 07:21:59.863478
152|0|66|-6.579999999999995|2024-06-05 07:22:37.435376
153|0|100|-17.829999999999995|2024-06-05 07:23:33.429395
154|0|46|-2.419999999999993|2024-06-05 07:23:59.267946
155|0|56|-4.499999999999991|2024-06-05 07:24:33.503465
156|0|65|-13.49999999999999|2024-06-05 07:25:09.850942
157|0|8|-2.039999999999999|2024-06-05 07:25:14.395371
158|0|100|-9.909999999999982|2024-06-05 07:26:09.614569
159|0|30|-2.2599999999999953|2024-06-05 07:26:26.232498
160|0|20|-4.139999999999997|2024-06-05 07:26:39.244535
161|0|8|-0.06000000000000005|2024-06-05 07:26:43.631975
162|0|52|-4.45999999999999|2024-06-05 07:27:12.663408
163|0|100|-23.77000000000001|2024-06-05 07:28:12.351926
164|0|100|-31.690000000000047|2024-06-05 08:28:25.166578
165|0|5|0.96|2024-06-05 08:28:29.305048
166|0|8|-2.039999999999999|2024-06-05 08:28:34.999592
167|0|100|-14.859999999999983|2024-06-05 08:29:39.357154
168|0|100|-16.839999999999986|2024-06-05 08:30:43.358707
169|0|6|-0.040000000000000036|2024-06-05 08:30:47.663952
170|0|100|-11.889999999999988|2024-06-05 08:31:52.577952
171|0|7|0.94|2024-06-05 08:31:57.595892
172|0|100|-18.82|2024-06-05 08:33:01.435366
173|0|100|-22.779999999999998|2024-06-05 08:34:04.238866
174|0|61|-9.499999999999991|2024-06-05 08:34:43.136510
175|0|18|-0.16000000000000014|2024-06-05 09:44:35.663716
176|0|31|-5.239999999999996|2024-06-05 09:44:57.467235
177|0|62|-16.439999999999998|2024-06-05 09:45:43.512358
178|0|100|-22.780000000000012|2024-06-05 09:46:58.110220
179|0|12|-4.059999999999999|2024-06-05 09:47:05.738435
180|0|100|-22.780000000000015|2024-06-05 09:48:21.507494
181|0|79|-9.679999999999987|2024-06-05 09:49:22.159511
182|0|49|-15.320000000000004|2024-06-05 09:49:59.060066
183|0|54|-8.43999999999999|2024-06-05 09:50:39.133880
184|0|100|-17.83000000000005|2024-06-05 09:51:52.561520
185|0|90|-12.759999999999984|2024-06-05 11:16:56.390592
186|0|72|-8.619999999999989|2024-06-05 11:17:48.223759
187|0|100|-16.840000000000003|2024-06-05 11:19:01.286427
188|0|42|-8.319999999999993|2024-06-05 11:19:31.869808
189|0|23|-1.1999999999999962|2024-06-05 11:19:50.172660
190|0|5|0.96|2024-06-05 11:19:54.728831
191|0|100|-12.879999999999987|2024-06-05 11:21:11.777049
192|0|27|-5.199999999999996|2024-06-05 11:21:41.911586
193|0|33|-7.239999999999997|2024-06-05 11:22:15.910704
194|0|100|-10.899999999999983|2024-06-05 11:24:04.089284
195|0|16|-2.1199999999999974|2024-06-05 11:24:23.117501
196|0|90|-14.739999999999984|2024-06-05 11:25:59.744894
197|0|60|-6.51999999999999|2024-06-05 12:58:48.036183
198|0|35|0.6599999999999999|2024-06-05 12:59:28.549569
199|0|41|-5.339999999999993|2024-06-05 13:00:17.342017
200|0|10|-0.08000000000000007|2024-06-05 13:00:31.332223
201|0|91|-13.75999999999999|2024-06-05 13:02:15.045338
202|0|8|-0.06000000000000005|2024-06-05 13:02:24.328813
203|0|10|-2.0599999999999987|2024-06-05 13:02:38.585231
204|0|42|-12.279999999999994|2024-06-05 13:03:26.041320
205|0|100|-12.879999999999983|2024-06-05 13:05:21.951563
206|0|41|-5.339999999999994|2024-06-05 13:06:05.545261
207|0|100|-14.859999999999982|2024-06-05 13:08:03.276450
208|0|14|-4.079999999999998|2024-06-05 13:08:17.916561
209|0|100|-13.869999999999983|2024-06-05 13:10:13.629203
210|0|21|-1.179999999999997|2024-06-05 13:10:40.866490
211|0|100|-17.830000000000013|2024-06-05 14:42:31.351329
212|0|39|-7.299999999999994|2024-06-05 14:43:14.995405
213|0|33|-5.2599999999999945|2024-06-05 14:43:52.923837
214|0|28|-2.2399999999999975|2024-06-05 14:44:23.729152
215|0|40|-8.299999999999994|2024-06-05 14:45:11.046692
216|0|11|-1.0799999999999992|2024-06-05 14:45:23.877798
217|0|42|-14.259999999999994|2024-06-05 14:46:07.066785
218|0|5|0.96|2024-06-05 14:46:12.031272
219|0|20|-4.139999999999997|2024-06-05 14:46:31.518088
220|0|31|-5.239999999999995|2024-06-05 14:47:06.384022
221|0|100|-10.89999999999998|2024-06-05 14:48:54.036194
222|0|100|-17.830000000000016|2024-06-05 14:50:43.972630
223|0|15|0.86|2024-06-05 14:51:01.860546
224|0|98|-34.62000000000002|2024-06-05 14:52:50.167695
225|0|100|-10.899999999999988|2024-06-05 16:23:33.145304
226|0|100|-16.83999999999999|2024-06-05 16:25:26.573589
227|0|100|-15.849999999999982|2024-06-05 16:27:18.559213
228|0|25|-5.179999999999996|2024-06-05 16:27:47.628090
229|0|10|-0.08000000000000007|2024-06-05 16:27:59.016095
230|0|21|0.7999999999999999|2024-06-05 16:28:22.746717
231|0|100|-13.869999999999985|2024-06-05 16:30:17.624694
232|0|28|-4.219999999999995|2024-06-05 16:30:49.237308
233|0|100|-14.859999999999982|2024-06-05 16:32:40.776266
234|0|100|-13.869999999999983|2024-06-05 16:34:32.412036
235|0|100|-19.809999999999995|2024-06-05 18:04:32.482534
236|0|100|-22.780000000000015|2024-06-05 18:06:23.693210
237|0|100|-8.919999999999982|2024-06-05 18:08:14.351830
238|0|100|-20.800000000000033|2024-06-05 18:10:07.953649
239|0|6|-0.040000000000000036|2024-06-05 18:10:13.446252
240|0|100|-26.74000000000002|2024-06-05 18:12:12.189074
241|0|6|-0.040000000000000036|2024-06-05 18:12:17.963653
242|0|12|-2.0799999999999983|2024-06-05 18:12:30.924452
243|0|41|-1.3799999999999963|2024-06-05 18:13:19.639965
244|0|15|-3.0999999999999988|2024-06-05 18:13:35.615802
245|0|10|-0.08000000000000007|2024-06-05 18:13:47.810413
246|0|15|-3.099999999999998|2024-06-05 18:14:04.581881
247|0|100|-19.810000000000013|2024-06-05 18:15:58.574353
248|0|12|-2.0799999999999983|2024-06-05 19:44:34.456004
249|0|34|-4.279999999999994|2024-06-05 19:45:11.504821
250|0|100|-16.84|2024-06-05 19:47:03.686633
251|0|14|-2.0999999999999983|2024-06-05 19:47:17.483108
252|0|74|-10.619999999999989|2024-06-05 19:48:41.147819
253|0|11|-3.0599999999999987|2024-06-05 19:48:53.739550
254|0|11|-1.08|2024-06-05 19:49:05.130979
255|0|100|-6.93999999999999|2024-06-05 19:50:56.190065
256|0|17|-1.139999999999997|2024-06-05 19:51:14.446064
257|0|6|-0.040000000000000036|2024-06-05 19:51:21.116966
258|0|6|-0.040000000000000036|2024-06-05 19:51:27.819061
259|0|18|-6.099999999999998|2024-06-05 19:51:47.854741
260|0|100|-20.800000000000054|2024-06-05 19:53:37.034614
261|0|28|-2.239999999999997|2024-06-05 19:54:07.916545
262|0|14|-2.0999999999999988|2024-06-05 19:54:21.980183
263|0|20|-2.159999999999997|2024-06-05 19:54:44.605464
264|0|25|0.7599999999999999|2024-06-05 19:55:12.824128
265|0|7|-1.0399999999999991|2024-06-05 19:55:21.480056
266|0|44|-8.339999999999993|2024-06-05 19:56:08.904172
267|0|37|-1.339999999999999|2024-06-05 19:56:48.318966
268|0|15|-1.1199999999999983|2024-06-05 21:24:07.926889
269|0|100|-24.760000000000048|2024-06-05 21:25:56.057517
270|0|100|-21.790000000000045|2024-06-05 21:27:46.104972
271|0|63|-7.539999999999994|2024-06-05 21:28:55.285144
272|0|87|-7.779999999999985|2024-06-05 21:30:30.140898
273|0|21|-5.139999999999997|2024-06-05 21:30:52.212205
274|0|10|-0.08000000000000007|2024-06-05 21:31:04.257662
275|0|71|-9.599999999999993|2024-06-05 21:32:24.142314
276|0|26|-2.2199999999999953|2024-06-05 21:32:53.376785
277|0|100|-16.84000000000002|2024-06-05 21:34:40.919868
278|0|100|-9.909999999999995|2024-06-05 23:03:14.493136
279|0|100|-13.869999999999983|2024-06-05 23:04:49.359225
280|0|24|-4.179999999999997|2024-06-05 23:05:15.950877
281|0|81|-7.719999999999985|2024-06-05 23:06:34.023477
282|0|100|-16.84|2024-06-05 23:08:05.924825
283|0|33|-1.2999999999999972|2024-06-05 23:08:38.560041
284|0|17|-3.1199999999999983|2024-06-05 23:08:53.578415
285|0|100|-21.790000000000028|2024-06-05 23:10:30.998541
286|0|17|0.84|2024-06-05 23:10:46.898011
287|0|10|-0.08000000000000007|2024-06-05 23:10:57.145218
288|0|36|-4.299999999999998|2024-06-05 23:11:26.389502
289|0|100|-12.879999999999985|2024-06-05 23:13:03.815789
290|0|36|-8.259999999999996|2024-06-06 00:40:32.864600
291|0|100|-13.869999999999981|2024-06-06 00:42:18.361495
292|0|100|-17.83000000000002|2024-06-06 00:44:09.345465
293|0|55|-15.380000000000017|2024-06-06 00:45:08.265708
294|0|92|-8.819999999999983|2024-06-06 00:46:49.525893
295|0|100|-16.839999999999982|2024-06-06 00:48:40.329655
296|0|100|-18.819999999999993|2024-06-06 00:50:29.886498
297|0|20|-2.159999999999997|2024-06-06 00:50:53.518064
298|0|50|-10.379999999999992|2024-06-06 00:51:46.545079
299|0|100|-13.869999999999983|2024-06-06 02:20:23.569260
300|0|100|-28.720000000000024|2024-06-06 02:22:16.366648
301|0|62|-10.499999999999993|2024-06-06 02:23:23.124178
302|0|12|-0.10000000000000009|2024-06-06 02:23:36.466551
303|0|38|-12.239999999999995|2024-06-06 02:24:18.326085
304|0|75|-15.580000000000009|2024-06-06 02:25:39.884576
305|0|8|-2.039999999999999|2024-06-06 02:25:50.190201
306|0|100|-8.91999999999998|2024-06-06 02:27:39.684552
307|0|14|-0.1200000000000001|2024-06-06 02:27:54.076354
308|0|21|-5.139999999999997|2024-06-06 02:28:15.479508
309|0|37|-5.299999999999994|2024-06-06 02:28:57.521062
310|0|76|-8.65999999999999|2024-06-06 02:30:22.600828
311|0|30|-12.159999999999997|2024-06-06 02:30:56.008049
312|0|11|-1.0799999999999992|2024-06-06 02:31:08.074461
313|0|65|-9.53999999999999|2024-06-06 04:00:42.350474
314|0|13|-1.0999999999999988|2024-06-06 04:00:55.965859
315|0|100|-15.849999999999985|2024-06-06 04:02:45.260735
316|0|11|0.9|2024-06-06 04:02:58.981995
317|0|100|-14.859999999999987|2024-06-06 04:04:46.237185
318|0|7|-1.0399999999999991|2024-06-06 04:04:52.823842
319|0|12|-0.10000000000000009|2024-06-06 04:05:07.760039
320|0|10|-4.039999999999999|2024-06-06 04:05:19.470238
321|0|22|-0.20000000000000018|2024-06-06 04:05:42.973992
322|0|10|-2.0599999999999987|2024-06-06 04:05:53.348662
323|0|5|0.96|2024-06-06 04:05:59.091534
324|0|23|-5.159999999999997|2024-06-06 04:06:22.909516
325|0|17|-1.1399999999999988|2024-06-06 04:06:44.551327
326|0|100|-22.780000000000005|2024-06-06 04:08:31.201973
327|0|51|-3.459999999999999|2024-06-06 04:09:25.958027
328|0|49|-13.339999999999993|2024-06-06 04:10:19.310778
329|0|100|-18.81999999999999|2024-06-06 04:12:09.209694
330|0|8|-0.06000000000000005|2024-06-06 04:12:18.751700
331|0|20|-0.18000000000000016|2024-06-06 05:40:10.684428
332|0|100|-26.739999999999995|2024-06-06 05:41:55.321096
333|0|100|-19.81000000000001|2024-06-06 05:43:44.640814
334|0|13|0.88|2024-06-06 05:43:57.896971
335|0|100|-21.790000000000045|2024-06-06 05:45:47.571048
336|0|14|-0.1200000000000001|2024-06-06 05:46:02.031601
337|0|19|-5.119999999999998|2024-06-06 05:46:22.731019
338|0|10|-0.08000000000000007|2024-06-06 05:46:33.574920
339|0|15|0.86|2024-06-06 05:46:49.302183
340|0|10|-2.059999999999999|2024-06-06 05:47:02.721661
341|0|100|-16.840000000000018|2024-06-06 05:48:51.469101
342|0|100|-9.90999999999998|2024-06-06 05:50:39.158339
343|0|100|-26.74000000000002|2024-06-06 07:19:04.439416
344|0|100|-8.919999999999996|2024-06-06 07:20:47.238194
345|0|26|-0.2400000000000002|2024-06-06 07:21:14.689537
346|0|44|-14.279999999999994|2024-06-06 07:22:00.792748
347|0|9|-3.039999999999999|2024-06-06 07:22:09.948355
348|0|52|-4.45999999999999|2024-06-06 07:23:05.329377
349|0|100|-14.859999999999982|2024-06-06 07:24:49.697239
350|0|20|-0.17999999999999994|2024-06-06 07:25:11.215561
351|0|27|-3.219999999999997|2024-06-06 07:25:39.064323
352|0|100|-10.899999999999983|2024-06-06 07:27:22.967988
353|0|58|-10.45999999999999|2024-06-06 07:28:25.092486
354|0|19|0.82|2024-06-06 07:28:43.187896
355|0|50|-2.459999999999993|2024-06-06 07:29:36.934866
356|0|100|-9.909999999999984|2024-06-06 08:59:30.771786
357|0|37|0.6399999999999999|2024-06-06 09:00:09.985590
358|0|39|-7.299999999999994|2024-06-06 09:00:52.673242
359|0|25|-3.1999999999999975|2024-06-06 09:01:18.328739
360|0|21|-5.139999999999999|2024-06-06 09:01:44.229553
361|0|27|-5.199999999999996|2024-06-06 09:02:14.004868
362|0|100|-21.79|2024-06-06 09:04:02.734625
363|0|73|-19.52000000000005|2024-06-06 09:05:23.781405
364|0|33|-3.279999999999995|2024-06-06 09:05:59.733993
365|0|12|-0.10000000000000009|2024-06-06 09:06:15.402182
366|0|100|-21.789999999999992|2024-06-06 09:08:03.375865
367|0|100|-12.859999999999983|2024-06-06 09:09:55.967389
368|0|44|-6.359999999999993|2024-06-06 09:10:44.363280
369|0|100|-25.750000000000025|2024-06-06 10:40:19.734088
370|0|13|-3.079999999999999|2024-06-06 10:40:31.813963
371|0|14|-2.0999999999999983|2024-06-06 10:40:47.325328
372|0|11|-1.0799999999999992|2024-06-06 10:40:58.171039
373|0|15|0.86|2024-06-06 10:41:13.767329
374|0|100|-11.889999999999983|2024-06-06 10:42:54.136278
375|0|100|-10.899999999999984|2024-06-06 10:44:26.991171
376|0|100|-16.840000000000025|2024-06-06 10:46:02.493344
377|0|100|-11.889999999999981|2024-06-06 10:47:40.331280
378|0|14|-0.1200000000000001|2024-06-06 10:47:51.390923
379|0|11|-3.0599999999999987|2024-06-06 10:48:00.944216
380|0|7|0.94|2024-06-06 10:48:09.538520
381|0|100|-13.869999999999981|2024-06-06 12:17:34.080000
382|0|13|-3.079999999999999|2024-06-06 12:17:48.914562
383|0|100|-17.830000000000002|2024-06-06 12:19:36.717367
384|0|69|-9.579999999999988|2024-06-06 12:20:51.788652
385|0|18|-2.139999999999997|2024-06-06 12:21:13.106494
386|0|29|-3.239999999999995|2024-06-06 12:21:43.646188
387|0|100|-15.849999999999984|2024-06-06 12:23:32.189114
388|0|91|-1.8799999999999968|2024-06-06 12:25:05.805742
389|0|19|-1.1599999999999993|2024-06-06 12:25:26.774060
390|0|100|-8.919999999999987|2024-06-06 12:27:13.649707
391|0|30|-8.199999999999996|2024-06-06 12:27:46.659738
392|0|100|-10.899999999999984|2024-06-06 13:57:47.925663
393|0|43|-1.3999999999999968|2024-06-06 13:58:31.708146
394|0|89|-13.739999999999984|2024-06-06 14:00:09.070014
395|0|100|-10.899999999999983|2024-06-06 14:01:56.203631
396|0|19|-3.139999999999998|2024-06-06 14:02:16.470765
397|0|39|-5.319999999999994|2024-06-06 14:02:58.134741
398|0|20|-2.1599999999999966|2024-06-06 14:03:18.595866
399|0|100|-11.889999999999985|2024-06-06 14:05:05.467121
400|0|74|-10.619999999999987|2024-06-06 14:06:19.164250
401|0|100|-5.949999999999983|2024-06-06 14:08:02.348285
402|0|85|-11.719999999999988|2024-06-06 14:09:29.932078
403|0|100|-10.89999999999998|2024-06-06 15:38:01.214650
404|0|6|-0.040000000000000036|2024-06-06 15:38:06.950716
405|0|100|-9.90999999999998|2024-06-06 15:39:52.656828
406|0|19|-3.139999999999998|2024-06-06 15:40:13.078778
407|0|9|0.92|2024-06-06 15:40:22.773724
408|0|64|-4.57999999999999|2024-06-06 15:41:31.049231
409|0|27|-5.199999999999996|2024-06-06 15:42:01.820193
410|0|16|-4.099999999999999|2024-06-06 15:42:20.293935
411|0|59|-9.47999999999999|2024-06-06 15:43:24.451261
412|0|39|-7.299999999999995|2024-06-06 15:44:04.649528
413|0|100|-14.859999999999982|2024-06-06 15:45:50.484701
414|0|100|-29.710000000000058|2024-06-06 15:47:38.036821
415|0|100|-11.889999999999986|2024-06-06 17:17:46.470939
416|0|100|-25.750000000000092|2024-06-06 17:19:31.303728
417|0|65|-7.559999999999993|2024-06-06 17:20:41.868972
418|0|43|-7.339999999999996|2024-06-06 17:21:28.981880
419|0|100|-10.89999999999998|2024-06-06 17:23:17.759516
420|0|13|-1.0999999999999996|2024-06-06 17:23:37.371994
421|0|10|-0.08000000000000007|2024-06-06 17:23:46.995861
422|0|100|-15.849999999999982|2024-06-06 17:25:35.764719
423|0|100|-5.949999999999981|2024-06-06 17:27:25.492476
424|0|100|-23.770000000000064|2024-06-06 18:55:54.452714
425|0|100|-13.869999999999989|2024-06-06 18:57:44.875072
426|0|100|-12.879999999999987|2024-06-06 18:59:34.709645
427|0|100|-31.69000000000004|2024-06-06 19:01:23.666660
428|0|100|-13.869999999999981|2024-06-06 19:03:12.393461
429|0|100|-12.879999999999981|2024-06-06 19:04:59.120074
430|0|6|-0.040000000000000036|2024-06-06 19:05:06.888997
431|0|5|0.96|2024-06-06 19:05:12.085107
432|0|9|0.92|2024-06-06 19:05:21.194447
433|0|13|-1.0999999999999992|2024-06-06 19:05:34.038427
434|0|38|-6.299999999999995|2024-06-06 19:06:14.114506
435|0|100|-14.859999999999982|2024-06-06 20:35:23.384584
436|0|34|-4.279999999999994|2024-06-06 20:36:00.985383
437|0|100|-11.88999999999999|2024-06-06 20:37:47.733681
438|0|100|-21.790000000000003|2024-06-06 20:39:37.694480
439|0|61|-5.539999999999991|2024-06-06 20:40:45.675690
440|0|17|0.84|2024-06-06 20:41:04.318445
441|0|100|-11.88999999999999|2024-06-06 20:42:56.294031
442|0|100|-26.74000000000005|2024-06-06 20:44:45.918674
443|0|9|0.92|2024-06-06 20:44:54.724077
444|0|100|-16.839999999999996|2024-06-06 20:46:43.205762
445|0|45|-11.319999999999993|2024-06-06 22:14:41.803084
446|0|100|-19.81000000000008|2024-06-06 22:16:22.926961
447|0|100|-17.83|2024-06-06 22:18:05.677950
448|0|15|0.86|2024-06-06 22:18:19.912604
449|0|25|-5.179999999999998|2024-06-06 22:18:45.960423
450|0|8|-0.06000000000000005|2024-06-06 22:18:53.823218
451|0|40|-12.259999999999994|2024-06-06 22:19:35.171243
452|0|97|-13.819999999999983|2024-06-06 22:21:13.331464
453|0|54|-6.45999999999999|2024-06-06 22:22:08.940739
454|0|43|-7.339999999999993|2024-06-06 22:22:51.435014
455|0|9|-1.0599999999999996|2024-06-06 22:23:00.388199
456|0|10|-2.0599999999999987|2024-06-06 22:23:10.587168
457|0|100|-15.849999999999984|2024-06-06 22:24:52.449312
458|0|10|-2.059999999999999|2024-06-06 22:25:00.409220
459|0|66|-6.579999999999989|2024-06-06 23:53:16.981009
460|0|100|-6.939999999999985|2024-06-06 23:55:07.306657
461|0|36|-6.279999999999994|2024-06-06 23:55:47.275316
462|0|60|-6.519999999999991|2024-06-06 23:56:50.191479
463|0|16|-4.099999999999999|2024-06-06 23:57:06.658274
464|0|100|-14.859999999999982|2024-06-06 23:58:56.244235
465|0|5|0.96|2024-06-06 23:59:02.569866
466|0|100|-16.840000000000003|2024-06-07 00:00:50.733673
467|0|42|-8.319999999999993|2024-06-07 00:01:38.438627
468|0|100|-19.810000000000073|2024-06-07 00:03:25.956699
469|0|100|-14.859999999999985|2024-06-07 01:32:37.724006
470|0|26|-0.24|2024-06-07 01:33:05.164963
471|0|59|-5.519999999999989|2024-06-07 01:34:09.651157
472|0|97|-5.899999999999981|2024-06-07 01:35:56.176455
473|0|12|-2.0799999999999983|2024-06-07 01:36:08.306135
474|0|100|-12.879999999999981|2024-06-07 01:37:59.640609
475|0|18|-0.16000000000000014|2024-06-07 01:38:20.383987
476|0|37|-3.3199999999999976|2024-06-07 01:39:01.686356
477|0|100|-16.84|2024-06-07 01:40:51.465305
478|0|39|-11.259999999999994|2024-06-07 01:41:34.107098
479|0|29|-3.2399999999999984|2024-06-07 01:42:05.049627
480|0|24|-10.119999999999997|2024-06-07 01:42:31.959515
481|0|100|-18.820000000000004|2024-06-07 01:44:17.966832
482|0|40|-2.359999999999994|2024-06-07 03:12:59.292583
483|0|8|-0.06000000000000005|2024-06-07 03:13:06.596399
484|0|12|-2.079999999999999|2024-06-07 03:13:21.016761
485|0|86|-20.640000000000025|2024-06-07 03:14:57.686345
486|0|88|-20.66000000000001|2024-06-07 03:16:33.652262
487|0|50|-6.419999999999993|2024-06-07 03:17:27.596077
488|0|90|-4.839999999999982|2024-06-07 03:19:05.548929
489|0|100|-16.839999999999986|2024-06-07 03:20:54.218358
490|0|100|-23.770000000000017|2024-06-07 03:22:44.392116
491|0|39|-7.299999999999994|2024-06-07 03:23:26.536307
492|0|45|-19.240000000000013|2024-06-07 03:24:16.323364
493|0|86|-6.779999999999983|2024-06-07 04:53:14.565017
494|0|7|-1.0399999999999991|2024-06-07 04:53:21.815388
495|0|100|-15.849999999999984|2024-06-07 04:55:09.685558
496|0|100|-20.800000000000004|2024-06-07 04:56:57.075527
497|0|22|-4.159999999999997|2024-06-07 04:57:20.514101
498|0|100|-28.720000000000002|2024-06-07 04:59:09.516804
499|0|100|-17.830000000000002|2024-06-07 05:00:58.984126
500|0|16|-4.099999999999998|2024-06-07 05:01:15.894633
501|0|100|-18.820000000000004|2024-06-07 05:03:04.891482
502|0|27|-9.159999999999997|2024-06-07 05:03:35.001616
503|0|13|0.88|2024-06-07 05:03:49.573754
504|0|7|-1.0399999999999991|2024-06-07 05:03:56.778625
505|0|13|-1.0999999999999979|2024-06-07 05:04:12.556147
506|0|36|-2.319999999999993|2024-06-07 06:30:52.160347
507|0|25|-3.1999999999999957|2024-06-07 06:31:17.841774
508|0|6|-0.040000000000000036|2024-06-07 06:31:24.338761
509|0|100|-13.869999999999983|2024-06-07 06:33:04.949798
510|0|100|-14.859999999999982|2024-06-07 06:34:49.847818
511|0|100|-15.849999999999982|2024-06-07 06:36:33.590840
512|0|27|-5.199999999999997|2024-06-07 06:37:00.934392
513|0|55|-17.360000000000003|2024-06-07 06:38:00.412951
514|0|100|-8.91999999999998|2024-06-07 06:39:44.723963
515|0|51|-9.399999999999991|2024-06-07 06:40:39.533836
516|0|21|-1.179999999999997|2024-06-07 06:41:01.738754
517|0|100|-4.959999999999983|2024-06-07 08:09:52.664881
518|0|7|0.94|2024-06-07 08:10:00.258584
519|0|100|-19.810000000000002|2024-06-07 08:11:49.633384
520|0|100|-13.869999999999985|2024-06-07 08:13:40.847708
521|0|100|-21.790000000000056|2024-06-07 08:15:26.111893
522|0|33|-7.239999999999995|2024-06-07 08:16:03.413363
523|0|14|-0.1200000000000001|2024-06-07 08:16:19.810686
524|0|100|-14.859999999999982|2024-06-07 08:18:05.088029
525|0|13|0.88|2024-06-07 08:18:18.888053
526|0|100|-15.84999999999999|2024-06-07 08:20:09.212801
527|0|13|0.88|2024-06-07 08:20:23.506168
528|0|100|-24.760000000000026|2024-06-07 09:50:07.691070
529|0|100|-15.84999999999999|2024-06-07 09:51:54.213140
530|0|9|0.92|2024-06-07 09:52:04.471948
531|0|100|-9.909999999999984|2024-06-07 09:53:52.262624
532|0|7|-1.0399999999999991|2024-06-07 09:53:59.782703
533|0|11|0.9|2024-06-07 09:54:13.282675
534|0|100|-24.76000000000003|2024-06-07 09:56:00.193387
535|0|11|0.9|2024-06-07 09:56:15.953625
536|0|100|-16.840000000000057|2024-06-07 09:58:04.144924
537|0|100|-13.869999999999985|2024-06-07 09:59:55.983770
538|0|100|-17.830000000000027|2024-06-07 11:30:01.689202
539|0|34|-4.279999999999995|2024-06-07 11:30:35.616939
540|0|100|-18.819999999999997|2024-06-07 11:32:27.535685
541|0|100|-21.79000000000004|2024-06-07 11:34:18.823144
542|0|29|-9.179999999999998|2024-06-07 11:34:48.742678
543|0|100|-20.80000000000002|2024-06-07 11:36:37.201910
544|0|11|-1.0799999999999983|2024-06-07 11:36:47.761055
545|0|100|-17.83000000000003|2024-06-07 11:38:39.776481
546|0|100|-19.81000000000008|2024-06-07 11:40:29.568009
547|0|100|-12.879999999999988|2024-06-07 13:10:06.128502
548|0|24|-2.199999999999996|2024-06-07 13:10:31.777211
549|0|39|-11.259999999999994|2024-06-07 13:11:14.236274
550|0|38|-6.299999999999994|2024-06-07 13:11:56.840213
551|0|39|-3.339999999999998|2024-06-07 13:12:42.412702
552|0|47|-5.3999999999999915|2024-06-07 13:13:33.781994
553|0|73|-7.639999999999986|2024-06-07 13:14:53.974148
554|0|15|-3.0999999999999988|2024-06-07 13:15:08.434738
555|0|100|-15.849999999999982|2024-06-07 13:16:59.316021
556|0|100|-15.849999999999987|2024-06-07 13:18:46.737780
557|0|83|-15.66|2024-06-07 13:20:12.663421
558|0|100|-7.929999999999981|2024-06-07 13:21:56.067836
559|0|65|-7.559999999999988|2024-06-07 14:49:22.344480
560|0|17|-3.1199999999999974|2024-06-07 14:49:42.049582
561|0|100|-18.820000000000025|2024-06-07 14:51:26.919831
562|0|31|-3.259999999999997|2024-06-07 14:52:00.525207
563|0|100|-15.84999999999999|2024-06-07 14:53:49.844816
564|0|50|-2.459999999999999|2024-06-07 14:54:44.080445
565|0|100|-25.75000000000002|2024-06-07 14:56:35.638215
566|0|100|-21.790000000000045|2024-06-07 14:58:28.178681
567|0|100|-6.93999999999998|2024-06-07 15:00:18.380407
568|0|49|-7.399999999999993|2024-06-07 16:28:05.049041
569|0|100|-21.790000000000042|2024-06-07 16:29:55.982939
570|0|100|-17.830000000000048|2024-06-07 16:31:48.349697
571|0|100|-15.849999999999982|2024-06-07 16:33:39.340281
572|0|61|-3.5599999999999943|2024-06-07 16:34:49.466487
573|0|44|-4.379999999999992|2024-06-07 16:35:37.814325
574|0|5|0.96|2024-06-07 16:35:42.751928
575|0|10|-4.039999999999999|2024-06-07 16:35:54.612908
576|0|12|-4.059999999999999|2024-06-07 16:36:08.838957
577|0|68|-16.5|2024-06-07 16:37:26.186105
578|0|100|-17.829999999999988|2024-06-07 16:39:13.572966
579|0|18|-2.139999999999997|2024-06-07 16:39:34.051322
580|0|17|0.84|2024-06-07 16:39:52.671703
581|0|14|-2.099999999999998|2024-06-07 18:06:37.442987
582|0|97|-25.700000000000024|2024-06-07 18:08:22.083943
583|0|35|-7.259999999999998|2024-06-07 18:09:00.015754
584|0|31|-5.239999999999997|2024-06-07 18:09:34.926405
585|0|10|-0.08000000000000007|2024-06-07 18:09:48.671812
586|0|27|-1.2399999999999984|2024-06-07 18:10:17.257520
587|0|23|-7.139999999999997|2024-06-07 18:10:43.154445
588|0|29|-5.219999999999996|2024-06-07 18:11:14.942564
589|0|33|-3.2799999999999967|2024-06-07 18:11:54.190212
590|0|100|-8.919999999999982|2024-06-07 18:13:43.976715
591|0|24|-2.1999999999999957|2024-06-07 18:14:09.746361
592|0|19|-1.1599999999999975|2024-06-07 18:14:29.411915
593|0|12|-2.0799999999999983|2024-06-07 18:14:43.601694
594|0|38|-2.3399999999999936|2024-06-07 18:15:27.152096
595|0|100|-11.889999999999981|2024-06-07 18:17:21.562096
596|0|25|-3.1999999999999957|2024-06-07 18:17:48.177866
597|0|45|-13.299999999999994|2024-06-07 18:18:41.022849
598|0|23|-3.179999999999998|2024-06-07 19:47:44.715768
599|0|16|-0.14000000000000012|2024-06-07 19:48:01.641632
600|0|15|-1.1199999999999983|2024-06-07 19:48:19.113174
601|0|15|-3.0999999999999996|2024-06-07 19:48:34.554466
602|0|42|-2.3799999999999932|2024-06-07 19:49:22.081406
603|0|61|-9.49999999999999|2024-06-07 19:50:27.167524
604|0|17|-3.1199999999999974|2024-06-07 19:50:46.416249
605|0|18|-2.1399999999999975|2024-06-07 19:51:07.115860
606|0|100|-20.8|2024-06-07 19:53:00.299518
607|0|100|-30.70000000000006|2024-06-07 19:54:51.507381
608|0|8|-2.0399999999999996|2024-06-07 19:54:59.093200
609|0|20|-2.159999999999997|2024-06-07 19:55:20.838345
610|0|43|-1.3999999999999968|2024-06-07 19:56:05.916013
611|0|97|-21.74000000000001|2024-06-07 19:57:52.099900
612|0|100|-22.780000000000012|2024-06-07 19:59:42.805440
613|0|100|-9.90999999999998|2024-06-07 21:28:41.335177
614|0|100|-20.80000000000001|2024-06-07 21:30:24.898874
615|0|6|-0.040000000000000036|2024-06-07 21:30:32.311535
616|0|68|-12.53999999999999|2024-06-07 21:31:47.834762
617|0|100|-11.889999999999983|2024-06-07 21:33:33.011303
618|0|9|0.92|2024-06-07 21:33:41.702848
619|0|100|-7.929999999999982|2024-06-07 21:35:25.911407
620|0|37|-11.239999999999997|2024-06-07 21:36:04.830774
621|0|17|0.84|2024-06-07 21:36:22.287582
622|0|14|-4.079999999999998|2024-06-07 21:36:37.026617
623|0|46|-8.359999999999992|2024-06-07 21:37:25.214251
624|0|41|-5.3399999999999945|2024-06-07 21:38:07.748191
625|0|8|-0.06000000000000005|2024-06-07 21:38:16.896813
626|0|15|-3.099999999999998|2024-06-07 21:38:31.139746
627|0|100|-10.89999999999998|2024-06-07 23:06:38.237280
628|0|100|-23.770000000000014|2024-06-07 23:08:25.243080
629|0|26|-2.2199999999999975|2024-06-07 23:08:52.309680
630|0|31|-5.239999999999995|2024-06-07 23:09:28.606507
631|0|9|-1.0599999999999992|2024-06-07 23:09:39.579102
632|0|23|-1.1999999999999993|2024-06-07 23:10:04.434516
633|0|100|-24.760000000000026|2024-06-07 23:11:52.645578
634|0|100|-28.720000000000024|2024-06-07 23:13:42.808617
635|0|14|-2.099999999999998|2024-06-07 23:13:58.927673
636|0|17|-5.099999999999998|2024-06-07 23:14:18.350005
637|0|100|-15.84999999999999|2024-06-07 23:16:09.529079
638|0|16|-2.1199999999999974|2024-06-07 23:16:27.533755
639|0|100|-23.77000000000002|2024-06-08 00:45:39.310429
640|0|56|-6.479999999999993|2024-06-08 00:46:41.590124
641|0|100|-9.909999999999986|2024-06-08 00:48:27.383687
642|0|29|-5.219999999999995|2024-06-08 00:48:57.836492
643|0|42|-8.319999999999997|2024-06-08 00:49:44.552737
644|0|100|-18.820000000000018|2024-06-08 00:51:31.238066
645|0|27|-11.139999999999997|2024-06-08 00:52:00.796975
646|0|25|-3.1999999999999966|2024-06-08 00:52:26.254311
647|0|25|-1.219999999999997|2024-06-08 00:52:53.661865
648|0|60|-8.499999999999996|2024-06-08 00:53:58.965902
649|0|53|-5.459999999999994|2024-06-08 00:54:57.651426
650|0|24|-6.1599999999999975|2024-06-08 00:55:23.720795
651|0|100|-13.869999999999987|2024-06-08 02:24:09.343132
652|0|17|-3.1199999999999983|2024-06-08 02:24:27.096876
653|0|100|-22.780000000000012|2024-06-08 02:26:17.744485
654|0|81|-31.480000000000018|2024-06-08 02:27:47.825575
655|0|26|-10.139999999999997|2024-06-08 02:28:18.554960
656|0|24|-0.2200000000000002|2024-06-08 02:28:44.121317
657|0|36|-10.239999999999995|2024-06-08 02:29:25.877538
658|0|58|-6.49999999999999|2024-06-08 02:30:30.091430
659|0|60|-14.439999999999992|2024-06-08 02:31:37.725546
660|0|54|-8.43999999999999|2024-06-08 02:32:37.761422
661|0|63|-17.44|2024-06-08 02:33:47.372783
662|0|39|-7.299999999999994|2024-06-08 02:34:31.892248
663|0|11|-1.0799999999999983|2024-06-08 02:34:44.795068
664|0|29|-7.199999999999996|2024-06-08 02:35:16.254593
665|0|31|-1.279999999999995|2024-06-08 02:35:50.545874
666|0|90|-14.739999999999986|2024-06-08 04:05:08.934313
667|0|100|-12.879999999999981|2024-06-08 04:06:56.186524
668|0|100|-24.76000000000004|2024-06-08 04:08:44.672090
669|0|38|-6.299999999999995|2024-06-08 04:09:26.389974
670|0|24|-4.179999999999998|2024-06-08 04:09:53.629835
671|0|32|-4.259999999999995|2024-06-08 04:10:29.443162
672|0|20|-2.159999999999997|2024-06-08 04:10:49.756142
673|0|100|-15.849999999999982|2024-06-08 04:12:40.058368
674|0|30|-2.2599999999999962|2024-06-08 04:13:11.741123
675|0|100|-17.830000000000023|2024-06-08 04:15:01.871098
676|0|100|-18.820000000000036|2024-06-08 05:43:37.973894
677|0|100|-27.730000000000086|2024-06-08 05:45:20.768258
678|0|26|-2.2199999999999953|2024-06-08 05:45:46.423572
679|0|9|-1.0599999999999987|2024-06-08 05:45:56.526081
680|0|21|-3.1599999999999966|2024-06-08 05:46:18.061711
681|0|100|-30.700000000000056|2024-06-08 05:48:04.843426
682|0|97|-15.799999999999994|2024-06-08 05:49:43.662131
683|0|42|-8.319999999999995|2024-06-08 05:50:25.693205
684|0|42|-10.299999999999994|2024-06-08 05:51:09.595111
685|0|58|-18.38000000000001|2024-06-08 05:52:10.103492
686|0|35|-15.180000000000014|2024-06-08 05:52:47.670381
687|0|38|-6.299999999999995|2024-06-08 05:53:26.872158
688|0|25|-3.1999999999999966|2024-06-08 05:53:51.310521
689|0|100|-28.720000000000013|2024-06-08 07:22:47.501878
690|0|10|-2.0599999999999987|2024-06-08 07:22:59.960410
691|0|85|-7.759999999999986|2024-06-08 07:24:30.473005
692|0|9|0.92|2024-06-08 07:24:40.797571
693|0|11|-3.0599999999999987|2024-06-08 07:24:53.207063
694|0|7|-1.0399999999999996|2024-06-08 07:25:00.670209
695|0|8|-0.06000000000000005|2024-06-08 07:25:11.452819
696|0|11|-3.0599999999999987|2024-06-08 07:25:22.958375
697|0|22|-2.1799999999999966|2024-06-08 07:25:47.513920
698|0|38|-4.319999999999993|2024-06-08 07:26:28.892990
699|0|7|0.94|2024-06-08 07:26:36.050284
700|0|100|-23.769999999999996|2024-06-08 07:28:28.292439
701|0|100|-17.83|2024-06-08 07:30:14.993273
702|0|100|-21.790000000000042|2024-06-08 07:32:04.371747
703|0|100|-13.869999999999987|2024-06-08 07:33:54.350702
704|0|20|-2.1599999999999966|2024-06-08 09:01:13.981051
705|0|100|-12.879999999999985|2024-06-08 09:03:05.194690
706|0|38|-8.279999999999994|2024-06-08 09:03:43.895990
707|0|68|-2.6399999999999872|2024-06-08 09:04:54.175935
708|0|7|0.94|2024-06-08 09:05:02.652422
709|0|22|-2.179999999999996|2024-06-08 09:05:25.809742
710|0|15|-1.1199999999999992|2024-06-08 09:05:41.902542
711|0|100|-12.879999999999981|2024-06-08 09:07:29.042580
712|0|40|-8.299999999999994|2024-06-08 09:08:13.932130
713|0|100|-23.770000000000003|2024-06-08 09:10:02.666331
714|0|9|-1.0599999999999987|2024-06-08 09:10:12.316035
715|0|100|-22.780000000000054|2024-06-08 09:12:01.004597
716|0|34|-4.279999999999995|2024-06-08 09:12:37.482688
717|0|77|-15.60000000000002|2024-06-08 10:41:11.981375
718|0|14|-2.0999999999999988|2024-06-08 10:41:25.272420
719|0|41|-3.359999999999994|2024-06-08 10:42:09.940539
720|0|11|0.9|2024-06-08 10:42:23.496167
721|0|12|-0.10000000000000009|2024-06-08 10:42:37.142733
722|0|14|-0.1200000000000001|2024-06-08 10:42:51.818268
723|0|100|-9.90999999999998|2024-06-08 10:44:40.162804
724|0|100|-33.67000000000002|2024-06-08 10:46:27.641499
725|0|15|-1.1199999999999997|2024-06-08 10:46:45.056575
726|0|100|-22.780000000000012|2024-06-08 10:48:35.192283
727|0|5|0.96|2024-06-08 10:48:41.277027
728|0|100|-14.859999999999983|2024-06-08 10:50:32.227341
729|0|98|-16.800000000000008|2024-06-08 10:52:19.507051
730|0|100|-8.919999999999991|2024-06-08 12:21:24.501877
731|0|58|-4.5199999999999925|2024-06-08 12:22:26.600764
732|0|100|-12.879999999999985|2024-06-08 12:24:12.533548
733|0|33|-3.279999999999995|2024-06-08 12:24:45.561000
734|0|100|-14.859999999999985|2024-06-08 12:26:30.841436
735|0|100|-10.899999999999983|2024-06-08 12:28:20.728102
736|0|9|0.92|2024-06-08 12:28:30.186036
737|0|100|-9.909999999999986|2024-06-08 12:30:19.382973
738|0|9|-1.0599999999999992|2024-06-08 12:30:28.100121
739|0|37|-1.3399999999999936|2024-06-08 12:31:07.257346
740|0|100|-16.839999999999982|2024-06-08 13:59:37.345357
741|0|97|-17.78000000000003|2024-06-08 14:01:19.113009
742|0|9|0.92|2024-06-08 14:01:29.230195
743|0|100|-20.80000000000003|2024-06-08 14:03:13.166330
744|0|100|-12.879999999999981|2024-06-08 14:04:59.007176
745|0|100|-18.820000000000007|2024-06-08 14:06:45.639722
746|0|15|-1.1199999999999983|2024-06-08 14:06:59.679808
747|0|100|-28.720000000000017|2024-06-08 14:08:45.399601
748|0|12|-0.10000000000000009|2024-06-08 14:08:57.498438
749|0|97|-17.78000000000002|2024-06-08 15:42:54.765016
750|0|100|-16.839999999999982|2024-06-08 15:44:46.963790
751|0|19|-1.1599999999999993|2024-06-08 15:45:08.539105
752|0|19|0.82|2024-06-08 15:45:28.754069
753|0|52|-10.399999999999993|2024-06-08 15:46:27.859922
754|0|26|-4.199999999999996|2024-06-08 15:46:55.931467
755|0|20|-0.17999999999999994|2024-06-08 15:47:18.511095
756|0|62|-8.519999999999989|2024-06-08 15:48:26.282592
757|0|100|-9.909999999999984|2024-06-08 15:50:18.196608
758|0|9|-1.0599999999999987|2024-06-08 15:50:28.216213
759|0|15|0.86|2024-06-08 15:50:44.296957
760|0|12|-0.10000000000000009|2024-06-08 15:51:00.437782
761|0|58|-8.479999999999992|2024-06-08 15:52:01.998204
762|0|32|-10.199999999999996|2024-06-08 15:52:37.424009
763|0|11|-1.0799999999999996|2024-06-08 15:52:48.259242
764|0|21|-5.139999999999998|2024-06-08 15:53:12.242739
765|0|12|-0.10000000000000009|2024-06-08 15:53:25.890178
766|0|100|-23.77000000000001|2024-06-08 17:26:20.901666
767|0|10|-0.08000000000000007|2024-06-08 17:26:30.856930
768|0|7|0.94|2024-06-08 17:26:38.403863
769|0|18|-6.099999999999998|2024-06-08 17:26:57.641909
770|0|100|-12.879999999999983|2024-06-08 17:28:47.937360
771|0|19|-1.1599999999999988|2024-06-08 17:29:08.277049
772|0|35|-1.3199999999999954|2024-06-08 17:29:45.708812
773|0|68|-12.53999999999999|2024-06-08 17:31:00.752618
774|0|81|-11.679999999999987|2024-06-08 17:32:29.051015
775|0|11|0.9|2024-06-08 17:32:44.102624
776|0|100|-8.91999999999998|2024-06-08 17:34:38.220892
777|0|10|-2.0599999999999987|2024-06-08 17:34:48.684827
778|0|88|-8.779999999999985|2024-06-08 17:36:27.072131
779|0|100|-21.790000000000042|2024-06-08 17:38:17.234434
780|0|100|-12.879999999999983|2024-06-08 19:13:02.580213
781|0|100|-21.78999999999999|2024-06-08 19:14:49.962592
782|0|100|-34.66000000000003|2024-06-08 19:16:38.800504
783|0|38|-4.319999999999997|2024-06-08 19:17:21.530730
784|0|37|-5.299999999999999|2024-06-08 19:17:59.923982
785|0|71|-7.619999999999994|2024-06-08 19:19:17.311702
786|0|100|-15.849999999999985|2024-06-08 19:21:06.692607
787|0|7|-1.0399999999999996|2024-06-08 19:21:14.649104
788|0|12|-4.06|2024-06-08 19:21:26.621278
789|0|75|-5.679999999999998|2024-06-08 19:22:48.608233
790|0|15|-3.099999999999998|2024-06-08 19:23:05.818092
791|0|18|-0.15999999999999992|2024-06-08 19:23:26.210177
792|0|51|-5.439999999999994|2024-06-08 20:57:01.120990
793|0|29|-1.2599999999999967|2024-06-08 20:57:33.448449
794|0|20|-4.139999999999997|2024-06-08 20:57:52.751068
795|0|68|-16.500000000000004|2024-06-08 20:59:05.335297
796|0|32|-10.199999999999996|2024-06-08 20:59:39.851998
797|0|15|-3.099999999999998|2024-06-08 20:59:55.901691
798|0|30|-6.219999999999996|2024-06-08 21:00:26.544011
799|0|100|-10.899999999999983|2024-06-08 21:02:12.420258
800|0|20|-2.1599999999999975|2024-06-08 21:02:34.099525
801|0|9|0.92|2024-06-08 21:02:43.866679
802|0|26|-4.1999999999999975|2024-06-08 21:03:11.245539
803|0|15|-1.12|2024-06-08 21:03:26.858225
804|0|46|-4.399999999999993|2024-06-08 21:04:14.433750
805|0|13|0.88|2024-06-08 21:04:29.112749
806|0|100|-15.849999999999984|2024-06-08 21:06:10.701118
807|0|19|-1.1599999999999984|2024-06-08 21:06:32.931231
808|0|100|-18.82000000000005|2024-06-08 22:38:49.735095
809|0|20|-2.1599999999999966|2024-06-08 22:39:09.961291
810|0|100|-32.68000000000003|2024-06-08 22:40:57.375347
811|0|100|-27.729999999999993|2024-06-08 22:42:43.518129
812|0|100|-22.78000000000002|2024-06-08 22:44:34.633284
813|0|100|-33.67000000000002|2024-06-08 22:46:22.387404
814|0|6|-0.040000000000000036|2024-06-08 22:46:29.124115
815|0|13|0.88|2024-06-08 22:46:46.562023
816|0|55|-11.419999999999993|2024-06-08 22:47:46.306238
817|0|100|-10.899999999999993|2024-06-08 22:49:33.554155
818|0|75|-13.599999999999989|2024-06-09 00:23:57.360604
819|0|30|-2.259999999999997|2024-06-09 00:24:28.134056
820|0|70|-6.6199999999999894|2024-06-09 00:25:46.717742
821|0|39|-7.299999999999995|2024-06-09 00:26:29.711860
822|0|99|-9.879999999999987|2024-06-09 00:28:16.319326
823|0|38|-6.299999999999994|2024-06-09 00:28:57.433982
824|0|100|-9.909999999999982|2024-06-09 00:30:47.592732
825|0|71|-3.659999999999995|2024-06-09 00:32:03.652869
826|0|21|-3.1599999999999975|2024-06-09 00:32:26.731960
827|0|20|-4.139999999999998|2024-06-09 00:32:49.174549
828|0|9|0.92|2024-06-09 00:32:59.825401
829|0|25|-3.1999999999999957|2024-06-09 00:33:26.925915
830|0|43|-5.359999999999992|2024-06-09 00:34:18.107265
831|0|10|-0.08000000000000007|2024-06-09 00:34:29.615087
832|0|11|-1.0799999999999992|2024-06-09 00:34:41.015847
833|0|100|-11.889999999999983|2024-06-09 02:07:30.991257
834|0|100|-17.82999999999999|2024-06-09 02:09:17.520409
835|0|100|-21.790000000000052|2024-06-09 02:11:09.686138
836|0|100|-18.819999999999986|2024-06-09 02:12:58.287377
837|0|100|-16.83999999999999|2024-06-09 02:14:46.445318
838|0|100|-3.96999999999998|2024-06-09 02:16:34.137595
839|0|100|-18.820000000000004|2024-06-09 02:18:21.985465
840|0|21|-1.1799999999999966|2024-06-09 02:18:47.284990
841|0|7|-1.0399999999999991|2024-06-09 02:18:53.977621
842|0|100|-8.919999999999982|2024-06-09 03:52:40.732907
843|0|100|-17.830000000000002|2024-06-09 03:54:29.858754
844|0|77|-7.6799999999999855|2024-06-09 03:55:56.316644
845|0|52|-12.379999999999994|2024-06-09 03:56:54.883378
846|0|100|-9.909999999999988|2024-06-09 03:58:44.143353
847|0|100|-11.889999999999981|2024-06-09 04:00:35.711799
848|0|16|-0.14000000000000012|2024-06-09 04:00:53.317426
849|0|100|-16.839999999999993|2024-06-09 04:02:44.432138
850|0|18|-2.1399999999999992|2024-06-09 04:03:03.830011
851|0|22|-6.139999999999997|2024-06-09 04:03:27.360090
852|0|100|-8.91999999999998|2024-06-09 05:36:31.351560
853|0|40|-8.299999999999994|2024-06-09 05:37:13.777574
854|0|27|-1.2399999999999958|2024-06-09 05:37:40.280229
855|0|29|-3.239999999999995|2024-06-09 05:38:12.701050
856|0|44|-6.359999999999992|2024-06-09 05:38:58.034807
857|0|100|-16.83999999999999|2024-06-09 05:40:40.145318
858|0|100|-10.89999999999998|2024-06-09 05:42:23.921211
859|0|100|-33.67000000000003|2024-06-09 05:44:05.089673
860|0|100|-11.889999999999981|2024-06-09 05:45:50.950773
861|0|100|-19.810000000000013|2024-06-09 07:18:43.325627
862|0|26|-2.2199999999999975|2024-06-09 07:19:11.290523
863|0|17|-1.139999999999997|2024-06-09 07:19:30.306647
864|0|100|-14.859999999999985|2024-06-09 07:21:19.691592
865|0|7|0.94|2024-06-09 07:21:30.197019
866|0|100|-6.9399999999999835|2024-06-09 07:23:23.082350
867|0|62|-8.519999999999989|2024-06-09 07:24:32.702475
868|0|100|-11.889999999999992|2024-06-09 07:26:21.608370
869|0|18|-0.16000000000000014|2024-06-09 07:26:42.555212
870|0|100|-11.889999999999988|2024-06-09 07:28:35.559016
871|0|14|-4.079999999999998|2024-06-09 07:28:51.955071
872|0|19|-1.1599999999999993|2024-06-09 07:29:12.237893
873|0|7|0.94|2024-06-09 07:29:20.179752
874|0|100|-38.62|2024-06-09 09:02:11.481481
875|0|100|-19.809999999999995|2024-06-09 09:04:01.196705
876|0|16|-2.119999999999998|2024-06-09 09:04:18.218148
877|0|11|0.9|2024-06-09 09:04:31.252315
878|0|15|-3.099999999999998|2024-06-09 09:04:46.368290
879|0|10|-0.08000000000000007|2024-06-09 09:04:57.444942
880|0|5|0.96|2024-06-09 09:05:05.768914
881|0|15|-1.1199999999999992|2024-06-09 09:05:21.883249
882|0|9|0.92|2024-06-09 09:05:30.800624
883|0|28|-0.26000000000000023|2024-06-09 09:06:02.369888
884|0|100|-28.72|2024-06-09 09:07:54.022540
885|0|5|0.96|2024-06-09 09:08:01.819506
886|0|76|-10.639999999999986|2024-06-09 09:09:22.783747
887|0|7|0.94|2024-06-09 09:09:31.695146
888|0|100|-18.820000000000014|2024-06-09 09:11:22.091733
889|0|5|0.96|2024-06-09 09:11:27.181722
890|0|94|-34.58000000000003|2024-06-09 09:13:14.705330
891|0|7|0.94|2024-06-09 09:13:22.249299
892|0|10|-0.08000000000000007|2024-06-09 09:13:33.517400
893|0|7|-1.0399999999999991|2024-06-09 10:43:25.588455
894|0|20|-4.139999999999997|2024-06-09 10:43:47.159142
895|0|100|-20.800000000000015|2024-06-09 10:45:38.270692
896|0|10|-0.08000000000000007|2024-06-09 10:45:49.496366
897|0|100|-22.77999999999999|2024-06-09 10:47:38.334168
898|0|24|-2.1999999999999975|2024-06-09 10:48:06.912307
899|0|7|-1.0399999999999991|2024-06-09 10:48:13.306372
900|0|7|-1.0399999999999996|2024-06-09 10:48:22.018642
901|0|100|-11.889999999999981|2024-06-09 10:50:10.840448
902|0|65|-9.539999999999992|2024-06-09 10:51:21.461014
903|0|100|-15.849999999999989|2024-06-09 10:53:11.704238
904|0|36|-6.279999999999994|2024-06-09 10:53:50.409200
905|0|6|-0.040000000000000036|2024-06-09 10:53:59.658511
906|0|31|-5.239999999999996|2024-06-09 10:54:33.670784
907|0|24|-0.2200000000000002|2024-06-09 10:55:00.037481
908|0|100|-14.859999999999982|2024-06-09 12:28:30.420794
909|0|100|-24.760000000000037|2024-06-09 12:30:17.890481
910|0|100|-12.879999999999981|2024-06-09 12:32:08.034508
911|0|50|-8.399999999999995|2024-06-09 12:33:01.961877
912|0|100|-12.879999999999981|2024-06-09 12:34:50.245297
913|0|100|-9.90999999999998|2024-06-09 12:36:39.945209
914|0|100|-15.849999999999984|2024-06-09 12:38:28.611631
915|0|34|-8.239999999999997|2024-06-09 12:39:06.313921
916|0|21|-3.1599999999999966|2024-06-09 12:39:29.250763
917|0|7|-1.0399999999999991|2024-06-09 14:08:43.210056
918|0|100|-15.849999999999984|2024-06-09 14:10:27.639824
919|0|37|-9.259999999999994|2024-06-09 14:11:06.333057
920|0|45|-9.339999999999995|2024-06-09 14:11:52.423864
921|0|26|-2.2199999999999953|2024-06-09 14:12:20.505528
922|0|40|-10.279999999999994|2024-06-09 14:13:00.963932
923|0|59|-17.40000000000001|2024-06-09 14:14:00.839222
924|0|100|-13.869999999999983|2024-06-09 14:15:41.912952
925|0|10|-0.08000000000000007|2024-06-09 14:15:54.629245
926|0|90|-14.739999999999984|2024-06-09 14:17:26.846163
927|0|100|-13.869999999999981|2024-06-09 14:19:10.788147
928|0|26|-8.159999999999997|2024-06-09 14:19:38.712582
929|0|100|-11.889999999999981|2024-06-09 15:52:29.787462
930|0|43|-5.359999999999992|2024-06-09 15:53:19.362436
931|0|74|-8.639999999999995|2024-06-09 15:54:39.995840
932|0|7|0.94|2024-06-09 15:54:46.621352
933|0|8|-0.06000000000000005|2024-06-09 15:54:55.560475
934|0|15|-1.1199999999999983|2024-06-09 15:55:11.513662
935|0|8|-0.06000000000000005|2024-06-09 15:55:22.429165
936|0|46|-8.359999999999992|2024-06-09 15:56:12.893859
937|0|65|-13.499999999999991|2024-06-09 15:57:20.240055
938|0|100|-18.820000000000014|2024-06-09 15:59:06.116246
939|0|100|-9.909999999999982|2024-06-09 16:00:53.112067
940|0|100|-18.820000000000018|2024-06-09 16:02:41.353558
941|0|27|-3.219999999999996|2024-06-09 16:03:10.450347
942|0|100|-12.879999999999981|2024-06-09 17:36:24.847483
943|0|100|-30.700000000000014|2024-06-09 17:38:13.149366
944|0|100|-10.879999999999981|2024-06-09 17:39:59.906924
945|0|100|-22.78|2024-06-09 17:41:48.293894
946|0|100|-5.94999999999998|2024-06-09 17:43:36.209024
947|0|63|-3.579999999999999|2024-06-09 17:44:41.188440
948|0|100|-13.869999999999985|2024-06-09 17:46:28.956708
949|0|10|-0.08000000000000007|2024-06-09 17:46:40.502068
950|0|18|-0.16000000000000014|2024-06-09 19:18:09.660239
951|0|14|-2.099999999999998|2024-06-09 19:18:25.460904
952|0|54|-6.4599999999999955|2024-06-09 19:19:27.863371
953|0|11|-1.0799999999999983|2024-06-09 19:19:40.698079
954|0|9|-1.0599999999999996|2024-06-09 19:19:51.328387
955|0|38|-2.339999999999998|2024-06-09 19:20:34.777558
956|0|24|-2.1999999999999966|2024-06-09 19:21:01.677507
957|0|74|-4.679999999999999|2024-06-09 19:22:25.984139
958|0|100|-19.810000000000013|2024-06-09 19:24:21.309335
959|0|31|-3.2599999999999945|2024-06-09 19:24:57.326567
960|0|9|0.92|2024-06-09 19:25:09.194541
961|0|100|-29.710000000000015|2024-06-09 19:27:03.478944
962|0|70|-12.559999999999992|2024-06-09 19:28:25.621008
963|0|100|-16.84|2024-06-09 19:30:19.120703
964|0|10|-2.0599999999999987|2024-06-09 19:30:29.563912
965|0|100|-16.839999999999986|2024-06-09 20:59:07.425916
966|0|100|-11.889999999999983|2024-06-09 21:00:53.307268
967|0|22|-4.159999999999997|2024-06-09 21:01:15.734391
968|0|17|0.84|2024-06-09 21:01:35.144077
969|0|79|-19.58000000000003|2024-06-09 21:02:59.009838
970|0|100|-9.909999999999984|2024-06-09 21:04:49.080274
971|0|20|-0.18000000000000016|2024-06-09 21:05:10.616446
972|0|14|-2.099999999999998|2024-06-09 21:05:25.712517
973|0|14|-2.099999999999998|2024-06-09 21:05:40.924666
974|0|52|-6.439999999999992|2024-06-09 21:06:36.868326
975|0|43|-9.319999999999993|2024-06-09 21:07:24.501805
976|0|100|-16.839999999999993|2024-06-09 21:09:07.466867
977|0|100|-24.760000000000044|2024-06-09 22:38:17.365036
978|0|18|-2.1399999999999975|2024-06-09 22:38:35.209340
979|0|100|-24.760000000000005|2024-06-09 22:40:16.320777
980|0|100|-16.840000000000007|2024-06-09 22:42:00.607242
981|0|12|-2.0799999999999987|2024-06-09 22:42:12.034187
982|0|45|-5.379999999999992|2024-06-09 22:42:57.696118
983|0|43|-9.319999999999993|2024-06-09 22:43:44.071345
984|0|100|-16.839999999999982|2024-06-09 22:45:29.114659
985|0|7|0.94|2024-06-09 22:45:38.046956
986|0|100|-17.829999999999984|2024-06-09 22:47:25.680707
987|0|100|-13.869999999999981|2024-06-10 00:16:07.985158
988|0|100|-9.90999999999999|2024-06-10 00:17:52.429900
989|0|11|-3.0599999999999987|2024-06-10 00:18:02.270613
990|0|8|-0.06000000000000005|2024-06-10 00:18:11.556279
991|0|24|-8.139999999999997|2024-06-10 00:18:35.137466
992|0|100|-22.780000000000033|2024-06-10 00:20:19.523216
993|0|10|-2.0599999999999987|2024-06-10 00:20:29.536964
994|0|81|-3.7599999999999953|2024-06-10 00:21:56.510229
995|0|5|0.96|2024-06-10 00:22:03.173102
996|0|11|0.9|2024-06-10 00:22:14.248183
997|0|70|-6.619999999999988|2024-06-10 00:23:27.407866
998|0|22|-4.1599999999999975|2024-06-10 00:23:49.464392
999|0|5|0.96|2024-06-10 00:23:54.866963
1000|0|36|-2.319999999999997|2024-06-10 00:24:34.046767
1001|0|9|0.92|2024-06-10 00:24:42.618132
1002|0|28|-8.179999999999998|2024-06-10 00:25:12.531279
1003|0|17|0.84|2024-06-10 00:25:30.935803
1004|0|100|-10.899999999999983|2024-06-10 00:27:14.252072
1005|0|26|-2.219999999999999|2024-06-10 01:57:04.623288
1006|0|100|-26.74000000000003|2024-06-10 01:58:49.756223
1007|0|32|-2.279999999999994|2024-06-10 01:59:21.967173
1008|0|8|-0.06000000000000005|2024-06-10 01:59:30.767926
1009|0|7|0.94|2024-06-10 01:59:37.751378
1010|0|100|-19.810000000000024|2024-06-10 02:01:28.200004
1011|0|8|-0.06000000000000005|2024-06-10 02:01:37.266987
1012|0|100|-13.869999999999981|2024-06-10 02:03:23.444078
1013|0|100|-21.790000000000042|2024-06-10 02:05:08.737643
1014|0|7|0.94|2024-06-10 02:05:15.180866
1015|0|100|-16.839999999999996|2024-06-10 02:07:00.834714
1016|0|100|-35.650000000000034|2024-06-10 02:08:43.006882
1017|0|7|0.94|2024-06-10 03:36:37.589409
1018|0|46|-10.339999999999993|2024-06-10 03:37:28.233026
1019|0|28|-0.26000000000000023|2024-06-10 03:37:56.763409
1020|0|11|-1.0799999999999992|2024-06-10 03:38:09.198860
1021|0|9|-3.039999999999999|2024-06-10 03:38:18.833341
1022|0|11|-1.0799999999999983|2024-06-10 03:38:30.365254
1023|0|100|-23.77000000000003|2024-06-10 03:40:18.018108
1024|0|17|-1.1399999999999988|2024-06-10 03:40:36.494844
1025|0|14|-0.1200000000000001|2024-06-10 03:40:51.188467
1026|0|10|-0.08000000000000007|2024-06-10 03:41:03.267639
1027|0|19|0.82|2024-06-10 03:41:23.024462
1028|0|72|-10.599999999999987|2024-06-10 03:42:43.215038
1029|0|100|-21.790000000000042|2024-06-10 03:44:31.456712
1030|0|100|-18.820000000000004|2024-06-10 03:46:20.625851
1031|0|72|-14.55999999999999|2024-06-10 03:47:35.216597
1032|0|100|-10.899999999999988|2024-06-10 05:17:24.602731
1033|0|17|-3.1199999999999974|2024-06-10 05:17:43.600803
1034|0|38|-4.319999999999993|2024-06-10 05:18:22.495315
1035|0|46|-8.359999999999992|2024-06-10 05:19:11.034236
1036|0|51|-3.459999999999993|2024-06-10 05:20:02.135920
1037|0|44|-4.379999999999992|2024-06-10 05:20:48.525780
1038|0|26|-2.2199999999999958|2024-06-10 05:21:15.458293
1039|0|100|-14.859999999999982|2024-06-10 05:22:57.766081
1040|0|52|-10.399999999999993|2024-06-10 05:23:51.819105
1041|0|23|0.7799999999999999|2024-06-10 05:24:13.874773
1042|0|100|-12.879999999999988|2024-06-10 05:25:59.222524
1043|0|10|-0.08000000000000007|2024-06-10 05:26:08.666587
1044|0|100|-12.859999999999985|2024-06-10 05:27:50.617827
1045|0|100|-16.839999999999986|2024-06-10 06:56:46.460573
1046|0|100|-19.81|2024-06-10 06:58:33.314219
1047|0|10|-0.08000000000000007|2024-06-10 06:58:43.672423
1048|0|100|-41.59000000000002|2024-06-10 07:00:29.912353
1049|0|7|0.94|2024-06-10 07:00:38.833292
1050|0|100|-34.66000000000001|2024-06-10 07:02:27.496496
1051|0|100|-27.73000000000002|2024-06-10 07:04:15.984645
1052|0|100|-24.76000000000002|2024-06-10 07:06:04.631411
1053|0|100|-20.800000000000033|2024-06-10 08:34:53.187984
1054|0|15|0.86|2024-06-10 08:35:09.764877
1055|0|61|-3.559999999999988|2024-06-10 08:36:14.363355
1056|0|8|-0.06000000000000005|2024-06-10 08:36:22.189176
1057|0|13|0.88|2024-06-10 08:36:35.803024
1058|0|100|-22.780000000000033|2024-06-10 08:38:23.352103
1059|0|13|-5.059999999999999|2024-06-10 08:38:36.288341
1060|0|100|-10.899999999999983|2024-06-10 08:40:25.989361
1061|0|51|-3.4599999999999937|2024-06-10 08:41:18.806013
1062|0|43|-7.339999999999993|2024-06-10 08:42:06.833926
1063|0|20|-0.18000000000000016|2024-06-10 08:42:28.618305
1064|0|100|-16.839999999999993|2024-06-10 08:44:16.168862
1065|0|100|-12.879999999999981|2024-06-10 08:46:02.298217
1066|0|8|-2.039999999999999|2024-06-10 08:46:11.557912
1067|0|100|-23.77000000000001|2024-06-10 10:14:48.598680
1068|0|6|-0.040000000000000036|2024-06-10 10:14:54.911134
1069|0|100|-20.800000000000043|2024-06-10 10:16:42.576461
1070|0|100|-12.87999999999999|2024-06-10 10:18:36.374219
1071|0|7|0.94|2024-06-10 10:18:43.432231
1072|0|10|-4.039999999999999|2024-06-10 10:18:55.668711
1073|0|100|-9.90999999999998|2024-06-10 10:20:44.838747
1074|0|100|-22.78000000000001|2024-06-10 10:22:36.359418
1075|0|10|-2.059999999999999|2024-06-10 10:22:48.365894
1076|0|48|-14.319999999999993|2024-06-10 10:23:41.299406
1077|0|28|-2.2399999999999953|2024-06-10 10:24:11.437122
1078|0|88|-20.660000000000043|2024-06-10 11:54:04.898505
1079|0|100|-13.869999999999983|2024-06-10 11:55:53.256416
1080|0|18|-4.119999999999997|2024-06-10 11:56:13.759969
1081|0|100|-22.779999999999994|2024-06-10 11:58:01.851100
1082|0|42|-8.319999999999995|2024-06-10 11:58:46.965830
1083|0|8|-0.06000000000000005|2024-06-10 11:58:54.379813
1084|0|100|-17.830000000000016|2024-06-10 12:00:45.743474
1085|0|13|-3.079999999999999|2024-06-10 12:00:58.873748
1086|0|100|-11.889999999999992|2024-06-10 12:02:49.702584
1087|0|8|-0.06000000000000005|2024-06-10 12:02:58.930207
1088|0|100|-28.719999999999995|2024-06-10 12:04:41.986725
1089|0|100|-13.869999999999981|2024-06-10 13:33:55.494988
1090|0|14|-0.1200000000000001|2024-06-10 13:34:09.155318
1091|0|56|-10.439999999999994|2024-06-10 13:35:08.213853
1092|0|24|-2.1999999999999966|2024-06-10 13:35:33.464702
1093|0|100|-13.86999999999999|2024-06-10 13:37:19.009198
1094|0|100|-7.929999999999989|2024-06-10 13:39:05.433553
1095|0|100|-28.720000000000013|2024-06-10 13:40:56.239802
1096|0|100|-24.760000000000023|2024-06-10 13:42:43.227580
1097|0|100|-12.879999999999981|2024-06-10 13:44:33.100748
1098|0|100|-25.750000000000007|2024-06-10 15:14:19.059301
1099|0|100|-36.64000000000001|2024-06-10 15:16:07.371400
1100|0|11|-1.0799999999999992|2024-06-10 15:16:22.280361
1101|0|17|0.84|2024-06-10 15:16:40.560194
1102|0|33|0.6799999999999999|2024-06-10 15:17:16.801349
1103|0|28|-2.2399999999999984|2024-06-10 15:17:47.215215
1104|0|100|-8.919999999999991|2024-06-10 15:19:35.841739
1105|0|100|-22.779999999999994|2024-06-10 15:21:26.224969
1106|0|94|-18.74000000000002|2024-06-10 15:23:09.171801
1107|0|10|-2.0599999999999987|2024-06-10 15:23:19.448920
1108|0|100|-17.83000000000001|2024-06-10 15:25:08.478906
1109|0|100|-17.829999999999984|2024-06-10 16:54:17.391971
1110|0|100|-17.829999999999988|2024-06-10 16:56:07.852278
1111|0|100|-24.760000000000048|2024-06-10 16:57:56.631342
1112|0|100|-18.81999999999999|2024-06-10 16:59:45.582953
1113|0|15|-5.079999999999999|2024-06-10 17:00:02.119150
1114|0|100|-18.81999999999999|2024-06-10 17:01:54.408611
1115|0|100|-11.889999999999986|2024-06-10 17:03:44.341334
1116|0|17|-3.1199999999999974|2024-06-10 17:04:02.366437
1117|0|100|-18.82000000000001|2024-06-10 18:33:22.064589
1118|0|5|0.96|2024-06-10 18:33:27.921085
1119|0|100|-14.859999999999983|2024-06-10 18:35:14.865556
1120|0|7|0.94|2024-06-10 18:35:23.221902
1121|0|13|-3.0799999999999983|2024-06-10 18:35:36.871303
1122|0|17|-1.139999999999997|2024-06-10 18:35:53.763517
1123|0|27|-1.239999999999998|2024-06-10 18:36:20.843548
1124|0|83|-13.679999999999987|2024-06-10 18:37:50.453519
1125|0|17|-5.099999999999998|2024-06-10 18:38:08.380712
1126|0|26|-6.179999999999997|2024-06-10 18:38:35.606780
1127|0|100|-16.839999999999986|2024-06-10 18:40:23.719336
1128|0|98|-6.899999999999984|2024-06-10 18:42:04.340998
1129|0|100|-17.82999999999999|2024-06-10 18:43:52.241643
1130|0|11|0.9|2024-06-10 18:44:06.382871
1131|0|100|-11.889999999999985|2024-06-10 20:12:42.748207
1132|0|7|0.94|2024-06-10 20:12:49.245511
1133|0|100|-17.830000000000037|2024-06-10 20:14:29.136006
1134|0|71|-5.639999999999986|2024-06-10 20:15:39.133489
1135|0|100|-32.680000000000014|2024-06-10 20:17:21.308221
1136|0|5|0.96|2024-06-10 20:17:26.620025
1137|0|100|-25.750000000000057|2024-06-10 20:19:04.325457
1138|0|8|-0.06000000000000005|2024-06-10 20:19:12.588748
1139|0|34|-2.2999999999999954|2024-06-10 20:19:47.482639
1140|0|100|-13.869999999999987|2024-06-10 20:21:30.655250
1141|0|22|-4.159999999999998|2024-06-10 20:21:51.160293
1142|0|9|0.92|2024-06-10 20:22:00.858220
1143|0|100|-9.909999999999984|2024-06-10 21:51:55.420048
1144|0|34|-2.299999999999998|2024-06-10 21:52:33.831637
1145|0|26|-6.179999999999997|2024-06-10 21:53:03.680456
1146|0|13|-1.0999999999999988|2024-06-10 21:53:17.899174
1147|0|100|-13.869999999999987|2024-06-10 21:55:08.296398
1148|0|34|-4.279999999999994|2024-06-10 21:55:46.932898
1149|0|100|-15.849999999999982|2024-06-10 21:57:37.911652
1150|0|56|-6.479999999999992|2024-06-10 21:58:39.489762
1151|0|75|-5.679999999999995|2024-06-10 22:00:02.883341
1152|0|19|-1.1599999999999984|2024-06-10 22:00:23.714631
1153|0|100|-15.849999999999985|2024-06-10 22:02:14.095830
1154|0|6|-0.040000000000000036|2024-06-10 22:02:20.846118
1155|0|10|-0.08000000000000007|2024-06-10 22:02:33.346280
1156|0|12|-2.0799999999999983|2024-06-10 22:02:45.787516
1157|0|100|-19.810000000000002|2024-06-10 23:32:06.697479
1158|0|9|0.92|2024-06-10 23:32:15.727850
1159|0|19|0.82|2024-06-10 23:32:37.628962
1160|0|12|-0.10000000000000009|2024-06-10 23:32:51.912649
1161|0|100|-16.840000000000007|2024-06-10 23:34:38.997659
1162|0|8|-0.06000000000000005|2024-06-10 23:34:48.955516
1163|0|100|-20.800000000000036|2024-06-10 23:36:37.217439
1164|0|100|-15.849999999999982|2024-06-10 23:38:29.171960
1165|0|29|-1.259999999999998|2024-06-10 23:39:02.416230
1166|0|100|-26.740000000000048|2024-06-10 23:40:49.868657
1167|0|11|0.9|2024-06-10 23:41:02.353608
1168|0|100|-19.810000000000027|2024-06-10 23:42:52.377108
1169|0|100|-16.839999999999993|2024-06-11 01:12:06.653111
1170|0|100|-8.919999999999993|2024-06-11 01:13:55.722850
1171|0|22|-6.139999999999997|2024-06-11 01:14:17.251000
1172|0|28|-2.2399999999999967|2024-06-11 01:14:48.255143
1173|0|96|-14.799999999999983|2024-06-11 01:16:30.059818
1174|0|26|-2.2199999999999966|2024-06-11 01:16:59.212670
1175|0|11|-1.0799999999999992|2024-06-11 01:17:11.075107
1176|0|95|-11.819999999999983|2024-06-11 01:18:52.486435
1177|0|23|-5.159999999999997|2024-06-11 01:19:15.618405
1178|0|7|-1.0399999999999991|2024-06-11 01:19:23.142155
1179|0|15|0.86|2024-06-11 01:19:41.100496
1180|0|68|-8.579999999999988|2024-06-11 01:20:53.057404
1181|0|100|-6.9399999999999835|2024-06-11 01:22:41.008173
1182|0|14|-0.1200000000000001|2024-06-11 02:50:16.651626
1183|0|36|-4.299999999999994|2024-06-11 02:50:53.632874
1184|0|27|-3.219999999999997|2024-06-11 02:51:22.562024
1185|0|22|-4.159999999999998|2024-06-11 02:51:50.220001
1186|0|100|-6.939999999999981|2024-06-11 02:53:37.016375
1187|0|100|-15.849999999999982|2024-06-11 02:55:22.021567
1188|0|100|-16.820000000000007|2024-06-11 02:57:04.639791
1189|0|47|-7.379999999999994|2024-06-11 02:57:52.999597
1190|0|15|0.86|2024-06-11 02:58:09.896281
1191|0|19|-3.139999999999999|2024-06-11 02:58:29.870676
1192|0|8|-0.06000000000000005|2024-06-11 02:58:39.409129
1193|0|19|-3.139999999999997|2024-06-11 02:58:58.068746
1194|0|14|-0.1200000000000001|2024-06-11 02:59:12.441859
1195|0|100|-19.809999999999995|2024-06-11 03:00:58.124335
1196|0|14|-0.1200000000000001|2024-06-11 03:01:13.412697
1197|0|54|-6.459999999999994|2024-06-11 04:29:26.717388
1198|0|15|0.86|2024-06-11 04:29:42.866181
1199|0|100|-28.720000000000017|2024-06-11 04:31:29.674383
1200|0|7|-1.0399999999999991|2024-06-11 04:31:39.150428
1201|0|100|-5.949999999999986|2024-06-11 04:33:25.022222
1202|0|100|-23.77000000000003|2024-06-11 04:35:14.282591
1203|0|53|-9.419999999999991|2024-06-11 04:36:10.653774
1204|0|11|0.9|2024-06-11 04:36:24.538943
1205|0|11|0.9|2024-06-11 04:36:37.329055
1206|0|15|0.86|2024-06-11 04:36:52.906649
1207|0|8|-0.06000000000000005|2024-06-11 04:37:01.300601
1208|0|32|-2.279999999999995|2024-06-11 04:37:35.041346
1209|0|74|-12.599999999999994|2024-06-11 04:38:55.739303
1210|0|100|-20.799999999999994|2024-06-11 04:40:45.419284
1211|0|7|0.94|2024-06-11 04:40:52.560176
1212|0|13|-1.0999999999999979|2024-06-11 04:41:05.507610
1213|0|16|-0.14000000000000012|2024-06-11 04:41:22.470046
1214|0|36|-8.259999999999994|2024-06-11 06:09:24.531048
1215|0|37|-1.3399999999999945|2024-06-11 06:10:05.239854
1216|0|34|-2.2999999999999936|2024-06-11 06:10:42.247501
1217|0|22|-2.179999999999996|2024-06-11 06:11:05.127919
1218|0|18|-2.139999999999997|2024-06-11 06:11:25.336383
1219|0|100|-15.849999999999982|2024-06-11 06:13:13.275749
1220|0|16|-4.099999999999999|2024-06-11 06:13:30.310632
1221|0|99|-9.879999999999985|2024-06-11 06:15:16.901260
1222|0|7|0.94|2024-06-11 06:15:23.867607
1223|0|18|-2.1399999999999992|2024-06-11 06:15:41.947826
1224|0|16|-0.14000000000000012|2024-06-11 06:16:00.174707
1225|0|100|-16.839999999999996|2024-06-11 06:17:47.915294
1226|0|10|-0.08000000000000007|2024-06-11 06:17:58.690921
1227|0|9|-1.0599999999999987|2024-06-11 06:18:09.041170
1228|0|100|-13.869999999999987|2024-06-11 06:19:56.404609
1229|0|10|-0.08000000000000007|2024-06-11 06:20:07.978519
1230|0|25|-1.2199999999999966|2024-06-11 06:20:35.702964
1231|0|100|-20.800000000000008|2024-06-11 07:49:38.617481
1232|0|100|-10.899999999999984|2024-06-11 07:51:25.907604
1233|0|14|-4.079999999999998|2024-06-11 07:51:41.216970
1234|0|76|-6.6799999999999935|2024-06-11 07:53:03.075086
1235|0|7|0.94|2024-06-11 07:53:10.404925
1236|0|100|-11.889999999999986|2024-06-11 07:54:57.532712
1237|0|5|0.96|2024-06-11 07:55:03.593183
1238|0|7|0.94|2024-06-11 07:55:10.616303
1239|0|7|0.94|2024-06-11 07:55:17.252441
1240|0|100|-12.879999999999981|2024-06-11 07:57:04.766825
1241|0|44|-4.379999999999994|2024-06-11 07:57:51.343744
1242|0|5|0.96|2024-06-11 07:57:56.666019
1243|0|26|-2.219999999999998|2024-06-11 07:58:24.033714
1244|0|100|-7.929999999999982|2024-06-11 09:27:20.372903
1245|0|100|-8.919999999999982|2024-06-11 09:29:12.493305
1246|0|37|-3.319999999999993|2024-06-11 09:29:53.368433
1247|0|10|-0.08000000000000007|2024-06-11 09:30:03.291318
1248|0|100|-20.800000000000047|2024-06-11 09:31:54.742339
1249|0|100|-18.819999999999993|2024-06-11 09:33:43.744683
1250|0|87|-9.759999999999987|2024-06-11 09:35:22.361369
1251|0|100|-17.83|2024-06-11 09:37:12.504459
1252|0|37|-5.299999999999997|2024-06-11 09:37:50.485108
1253|0|11|0.9|2024-06-11 09:38:01.228121
1254|0|32|-2.2799999999999967|2024-06-11 09:38:35.553751
1255|0|100|-9.90999999999998|2024-06-11 11:07:15.639783
1256|0|7|0.94|2024-06-11 11:07:23.630917
1257|0|69|-5.619999999999992|2024-06-11 11:08:36.813435
1258|0|40|-0.3800000000000001|2024-06-11 11:09:16.738480
1259|0|14|-0.1200000000000001|2024-06-11 11:09:33.256610
1260|0|14|-0.1200000000000001|2024-06-11 11:09:47.625129
1261|0|21|-5.139999999999999|2024-06-11 11:10:09.959007
1262|0|5|0.96|2024-06-11 11:10:15.229595
1263|0|98|-6.899999999999994|2024-06-11 11:12:00.077238
1264|0|8|-0.06000000000000005|2024-06-11 11:12:08.105087
1265|0|33|-1.2999999999999994|2024-06-11 11:12:44.411872
1266|0|12|-2.0799999999999983|2024-06-11 11:12:59.146092
1267|0|9|-1.0599999999999987|2024-06-11 11:13:09.578720
1268|0|7|0.94|2024-06-11 11:13:16.993440
1269|0|70|-6.619999999999987|2024-06-11 11:14:34.602102
1270|0|11|-1.0799999999999983|2024-06-11 11:14:46.420135
1271|0|11|-1.0799999999999992|2024-06-11 11:14:58.596999
1272|0|12|-0.10000000000000009|2024-06-11 11:15:11.805007
1273|0|8|-0.06000000000000005|2024-06-11 11:15:20.722457
1274|0|9|0.92|2024-06-11 11:15:30.867206
1275|0|7|0.94|2024-06-11 11:15:38.642920
1276|0|27|-1.2399999999999949|2024-06-11 11:16:09.508372
1277|0|100|-12.879999999999983|2024-06-11 11:17:59.367815
1278|0|36|-6.279999999999994|2024-06-11 11:18:41.030393
1279|0|54|-10.419999999999993|2024-06-11 12:50:10.190808
1280|0|13|-1.0999999999999988|2024-06-11 12:50:25.338178
1281|0|100|-12.879999999999981|2024-06-11 12:52:17.351937
1282|0|15|0.86|2024-06-11 12:52:32.348079
1283|0|55|-7.45999999999999|2024-06-11 12:53:33.928703
1284|0|29|-5.219999999999997|2024-06-11 12:54:06.112215
1285|0|88|-16.70000000000002|2024-06-11 12:55:42.890930
1286|0|22|-0.19999999999999996|2024-06-11 12:56:04.452955
1287|0|100|-19.810000000000027|2024-06-11 12:57:55.086976
1288|0|11|0.9|2024-06-11 12:58:06.581741
1289|0|34|-2.299999999999997|2024-06-11 12:58:45.126562
1290|0|6|-0.040000000000000036|2024-06-11 12:58:52.073505
1291|0|8|-2.0399999999999996|2024-06-11 12:59:01.599795
1292|0|100|-14.859999999999983|2024-06-11 13:00:49.740778
1293|0|77|-9.659999999999995|2024-06-11 14:29:22.287283
1294|0|7|0.94|2024-06-11 14:29:29.841430
1295|0|100|-9.90999999999998|2024-06-11 14:31:19.774455
1296|0|12|-0.10000000000000009|2024-06-11 14:31:32.801821
1297|0|26|-0.24|2024-06-11 14:32:00.217893
1298|0|11|0.9|2024-06-11 14:32:10.444642
1299|0|12|-4.059999999999999|2024-06-11 14:32:23.452740
1300|0|8|-0.06000000000000005|2024-06-11 14:32:33.546680
1301|0|12|-0.10000000000000009|2024-06-11 14:32:45.338920
1302|0|50|-8.399999999999991|2024-06-11 14:33:41.159084
1303|0|8|-0.06000000000000005|2024-06-11 14:33:49.681966
1304|0|18|-2.139999999999999|2024-06-11 14:34:07.903617
1305|0|20|-0.18000000000000016|2024-06-11 14:34:32.458535
1306|0|57|-5.499999999999989|2024-06-11 14:35:32.023446
1307|0|31|0.7|2024-06-11 14:36:06.641317
1308|0|35|-5.279999999999996|2024-06-11 14:36:45.714739
1309|0|27|0.74|2024-06-11 14:37:15.564474
1310|0|10|-0.08000000000000007|2024-06-11 14:37:26.520131
1311|0|65|-3.599999999999989|2024-06-11 14:38:37.775105
1312|0|100|-7.92999999999999|2024-06-11 14:40:28.597180
1313|0|32|-2.279999999999996|2024-06-11 16:08:30.693039
1314|0|10|-0.08000000000000007|2024-06-11 16:08:42.512167
1315|0|100|-14.859999999999985|2024-06-11 16:10:25.841710
1316|0|18|-0.16000000000000014|2024-06-11 16:10:45.030718
1317|0|56|-2.5199999999999934|2024-06-11 16:11:41.799044
1318|0|21|-1.179999999999998|2024-06-11 16:12:03.674466
1319|0|40|-6.319999999999993|2024-06-11 16:12:45.705659
1320|0|37|0.6399999999999999|2024-06-11 16:13:24.854563
1321|0|15|0.86|2024-06-11 16:13:41.274585
1322|0|13|-3.0799999999999983|2024-06-11 16:13:55.542342
1323|0|7|0.94|2024-06-11 16:14:04.060265
1324|0|6|-0.040000000000000036|2024-06-11 16:14:10.226788
1325|0|100|-15.849999999999982|2024-06-11 16:15:57.583772
1326|0|11|0.9|2024-06-11 16:16:09.138080
1327|0|5|0.96|2024-06-11 16:16:14.352520
1328|0|20|-2.1599999999999975|2024-06-11 16:16:34.581368
1329|0|7|0.94|2024-06-11 16:16:42.392645
1330|0|8|-0.06000000000000005|2024-06-11 16:16:51.864564
1331|0|74|-6.659999999999986|2024-06-11 16:18:10.906659
1332|0|77|-7.679999999999989|2024-06-11 16:19:31.792024
1333|0|14|-2.0999999999999988|2024-06-11 16:19:45.634378
1334|0|100|-18.82000000000003|2024-06-11 17:49:51.976821
1335|0|15|0.86|2024-06-11 17:50:06.184507
1336|0|6|-0.040000000000000036|2024-06-11 17:50:11.665598
1337|0|10|-0.08000000000000007|2024-06-11 17:50:21.571136
1338|0|100|-6.939999999999987|2024-06-11 17:52:05.989449
1339|0|87|-7.779999999999987|2024-06-11 17:53:38.323654
1340|0|13|-1.0999999999999988|2024-06-11 17:53:51.568369
1341|0|65|0.35999999999999965|2024-06-11 17:55:02.855012
1342|0|7|-1.0399999999999991|2024-06-11 17:55:09.584162
1343|0|10|-0.08000000000000007|2024-06-11 17:55:19.352990
1344|0|83|-9.719999999999986|2024-06-11 17:56:49.235734
1345|0|17|0.84|2024-06-11 17:57:08.062106
1346|0|100|-15.849999999999987|2024-06-11 17:58:55.801891
1347|0|9|-1.0599999999999987|2024-06-11 17:59:05.948667
1348|0|8|-0.06000000000000005|2024-06-11 17:59:14.796035
1349|0|30|-0.28000000000000025|2024-06-11 17:59:46.346066
1350|0|29|-1.2599999999999998|2024-06-11 18:00:18.287275
1351|0|56|-8.459999999999992|2024-06-11 19:29:46.132145
1352|0|9|0.92|2024-06-11 19:29:56.919795
1353|0|15|0.86|2024-06-11 19:30:10.807092
1354|0|5|0.96|2024-06-11 19:30:15.130348
1355|0|31|-7.219999999999999|2024-06-11 19:30:47.573797
1356|0|78|-0.7600000000000005|2024-06-11 19:32:07.026286
1357|0|100|-10.899999999999993|2024-06-11 19:33:45.614202
1358|0|13|0.88|2024-06-11 19:33:56.805553
1359|0|100|-20.800000000000004|2024-06-11 19:35:42.881947
1360|0|97|-3.9199999999999937|2024-06-11 19:37:24.337170
1361|0|16|-0.14000000000000012|2024-06-11 19:37:42.375422
1362|0|34|-2.2999999999999954|2024-06-11 19:38:17.480508
1363|0|56|-2.519999999999998|2024-06-11 19:39:16.488513
1364|0|12|-0.10000000000000009|2024-06-11 19:39:28.796756
1365|0|91|-5.839999999999987|2024-06-11 21:09:33.711375
1366|0|21|0.7999999999999999|2024-06-11 21:09:54.698205
1367|0|14|-0.1200000000000001|2024-06-11 21:10:09.014086
1368|0|5|0.96|2024-06-11 21:10:13.580198
1369|0|5|0.96|2024-06-11 21:10:18.181827
1370|0|36|-4.2999999999999945|2024-06-11 21:10:59.176513
1371|0|10|-0.08000000000000007|2024-06-11 21:11:09.660731
1372|0|15|0.86|2024-06-11 21:11:26.714649
1373|0|15|0.86|2024-06-11 21:11:40.949038
1374|0|98|-14.819999999999983|2024-06-11 21:13:27.815975
1375|0|89|-3.839999999999983|2024-06-11 21:15:04.954887
1376|0|5|0.96|2024-06-11 21:15:10.811556
1377|0|15|0.86|2024-06-11 21:15:26.943597
1378|0|9|0.92|2024-06-11 21:15:36.895359
1379|0|5|0.96|2024-06-11 21:15:42.939311
1380|0|25|-5.179999999999997|2024-06-11 21:16:10.435622
1381|0|9|0.92|2024-06-11 21:16:19.652999
1382|0|36|-8.259999999999996|2024-06-11 21:16:59.042424
1383|0|100|-9.909999999999982|2024-06-11 21:18:52.867070
1384|0|83|-9.719999999999988|2024-06-11 21:20:26.761499
1385|0|79|-5.719999999999986|2024-06-11 22:50:32.674881
1386|0|5|0.96|2024-06-11 22:50:37.166396
1387|0|35|0.6599999999999999|2024-06-11 22:51:12.534705
1388|0|17|0.84|2024-06-11 22:51:30.579158
1389|0|9|-1.0599999999999992|2024-06-11 22:51:39.466438
1390|0|100|-20.80000000000001|2024-06-11 22:53:22.524443
1391|0|100|-10.89999999999998|2024-06-11 22:55:07.603008
1392|0|7|0.94|2024-06-11 22:55:14.310076
1393|0|100|-16.83999999999999|2024-06-11 22:56:59.579021
1394|0|62|-10.499999999999995|2024-06-11 22:58:04.945964
1395|0|5|0.96|2024-06-11 22:58:12.180669
1396|0|6|-0.040000000000000036|2024-06-11 22:58:17.880172
1397|0|7|0.94|2024-06-11 22:58:24.917689
1398|0|100|-12.879999999999988|2024-06-11 23:00:12.656484
1399|0|7|0.94|2024-06-11 23:00:21.092664
1400|0|6|-0.040000000000000036|2024-06-11 23:00:28.540939
1401|0|100|-15.849999999999993|2024-06-12 00:29:58.657879
1402|0|5|0.96|2024-06-12 00:30:03.298496
1403|0|86|-0.8400000000000007|2024-06-12 00:31:27.645811
1404|0|41|-1.379999999999999|2024-06-12 00:32:07.892664
1405|0|100|-9.909999999999984|2024-06-12 00:33:46.660337
1406|0|5|0.96|2024-06-12 00:33:51.816941
1407|0|5|0.96|2024-06-12 00:33:56.979395
1408|0|9|0.92|2024-06-12 00:34:06.353847
1409|0|17|0.84|2024-06-12 00:34:23.870258
1410|0|5|0.96|2024-06-12 00:34:30.053484
1411|0|14|-0.1200000000000001|2024-06-12 00:34:44.146325
1412|0|100|-15.849999999999985|2024-06-12 00:36:25.442697
1413|0|9|-1.0599999999999996|2024-06-12 00:36:35.023439
1414|0|27|-1.2399999999999975|2024-06-12 00:37:02.890573
1415|0|7|0.94|2024-06-12 00:37:12.070354
1416|0|73|-1.6999999999999913|2024-06-12 00:38:26.895716
1417|0|9|0.92|2024-06-12 00:38:37.326374
1418|0|100|-10.899999999999984|2024-06-12 00:40:22.426064
1419|0|10|-0.08000000000000007|2024-06-12 00:40:34.125955
1420|0|19|0.82|2024-06-12 00:40:54.439028
1421|0|8|-0.06000000000000005|2024-06-12 02:10:02.311714
1422|0|71|-1.679999999999993|2024-06-12 02:11:16.978639
1423|0|42|-6.3399999999999945|2024-06-12 02:11:59.092654
1424|0|10|-0.08000000000000007|2024-06-12 02:12:08.114111
1425|0|41|-1.3799999999999981|2024-06-12 02:12:55.275118
1426|0|9|0.92|2024-06-12 02:13:04.215604
1427|0|5|0.96|2024-06-12 02:13:09.900903
1428|0|20|-0.18000000000000016|2024-06-12 02:13:30.952694
1429|0|7|0.94|2024-06-12 02:13:38.182689
1430|0|17|0.84|2024-06-12 02:13:56.609404
1431|0|5|0.96|2024-06-12 02:14:01.380344
1432|0|7|0.94|2024-06-12 02:14:08.626923
1433|0|7|0.94|2024-06-12 02:14:17.104594
1434|0|19|0.82|2024-06-12 02:14:37.220826
1435|0|23|0.7799999999999999|2024-06-12 02:15:03.305225
1436|0|21|0.7999999999999999|2024-06-12 02:15:24.668290
1437|0|15|0.86|2024-06-12 02:15:39.722517
1438|0|100|-27.730000000000032|2024-06-12 02:17:25.188797
1439|0|7|0.94|2024-06-12 02:17:33.003974
1440|0|5|0.96|2024-06-12 02:17:39.958798
1441|0|17|0.84|2024-06-12 02:17:57.555930
1442|0|77|-3.719999999999988|2024-06-12 02:19:18.879166
1443|0|44|-0.4200000000000004|2024-06-12 02:20:07.810942
1444|0|13|0.88|2024-06-12 02:20:20.098926
1445|0|7|0.94|2024-06-12 02:20:28.424238
1446|0|12|-0.10000000000000009|2024-06-12 02:20:41.193196
1447|0|13|0.88|2024-06-12 02:20:54.534884
1448|0|19|0.82|2024-06-12 02:21:15.334935
1449|0|15|0.86|2024-06-12 02:21:32.534657
1450|0|5|0.96|2024-06-12 02:21:38.726000
1451|0|5|0.96|2024-06-12 02:21:43.703863
1452|0|35|-9.239999999999998|2024-06-12 03:50:30.452108
1453|0|15|0.86|2024-06-12 03:50:45.781979
1454|0|42|-0.40000000000000036|2024-06-12 03:51:30.715722
1455|0|7|0.94|2024-06-12 03:51:39.117641
1456|0|12|-0.10000000000000009|2024-06-12 03:51:52.243381
1457|0|6|-0.040000000000000036|2024-06-12 03:51:58.091174
1458|0|7|-1.04|2024-06-12 03:52:05.073873
1459|0|12|-0.10000000000000009|2024-06-12 03:52:18.311665
1460|0|7|0.94|2024-06-12 03:52:26.073810
1461|0|7|0.94|2024-06-12 03:52:33.248761
1462|0|30|-0.28|2024-06-12 03:53:05.273992
1463|0|9|0.92|2024-06-12 03:53:15.598210
1464|0|10|-0.08000000000000007|2024-06-12 03:53:25.507018
1465|0|33|-5.259999999999998|2024-06-12 03:53:59.974010
1466|0|9|0.92|2024-06-12 03:54:09.800014
1467|0|5|0.96|2024-06-12 03:54:15.461555
1468|0|27|-3.219999999999997|2024-06-12 03:54:42.384033
1469|0|10|-2.0599999999999996|2024-06-12 03:54:52.115342
1470|0|10|-0.08000000000000007|2024-06-12 03:55:02.134857
1471|0|20|-0.17999999999999994|2024-06-12 03:55:21.753721
1472|0|11|0.9|2024-06-12 03:55:32.521872
1473|0|49|-1.4599999999999929|2024-06-12 03:56:24.192352
1474|0|21|0.7999999999999999|2024-06-12 03:56:45.198935
1475|0|5|0.96|2024-06-12 03:56:50.797054
1476|0|64|-10.519999999999992|2024-06-12 03:57:57.467784
1477|0|100|-15.849999999999984|2024-06-12 03:59:40.305873
1478|0|89|-13.739999999999986|2024-06-12 04:01:12.381138
1479|0|100|-14.859999999999987|2024-06-12 05:31:08.544059
1480|0|7|0.94|2024-06-12 05:31:19.148466
1481|0|13|0.88|2024-06-12 05:31:35.570804
1482|0|7|0.94|2024-06-12 05:31:41.931718
1483|0|64|-4.57999999999999|2024-06-12 05:32:49.075113
1484|0|34|-2.299999999999998|2024-06-12 05:33:24.733503
1485|0|21|-1.1799999999999997|2024-06-12 05:33:46.823673
1486|0|9|0.92|2024-06-12 05:33:55.812001
1487|0|15|0.86|2024-06-12 05:34:11.791530
1488|0|13|0.88|2024-06-12 05:34:25.714140
1489|0|100|-8.919999999999987|2024-06-12 05:36:10.279307
1490|0|72|-10.599999999999989|2024-06-12 05:37:22.583634
1491|0|100|-2.979999999999998|2024-06-12 05:39:06.161359
1492|0|9|0.92|2024-06-12 05:39:15.225707
1493|0|16|-0.14000000000000012|2024-06-12 05:39:32.450994
1494|0|8|-0.06000000000000005|2024-06-12 05:39:39.274550
1495|0|23|0.7799999999999999|2024-06-12 05:40:03.780309
1496|0|9|0.92|2024-06-12 05:40:12.366515
1497|0|15|0.86|2024-06-12 05:40:29.837104
1498|0|19|-1.159999999999998|2024-06-12 05:40:50.191825
1499|0|31|-1.2799999999999963|2024-06-12 05:41:21.507269
1500|0|68|-2.639999999999998|2024-06-12 07:10:33.310344
1501|0|5|0.96|2024-06-12 07:10:38.227470
1502|0|5|0.96|2024-06-12 07:10:42.894833
1503|0|6|-0.040000000000000036|2024-06-12 07:10:48.712165
1504|0|67|-11.539999999999992|2024-06-12 07:11:58.027089
1505|0|27|-3.219999999999996|2024-06-12 07:12:26.171249
1506|0|9|0.92|2024-06-12 07:12:36.002894
1507|0|11|0.9|2024-06-12 07:12:45.545517
1508|0|5|0.96|2024-06-12 07:12:50.140251
1509|0|46|-10.339999999999995|2024-06-12 07:13:35.301030
1510|0|7|0.94|2024-06-12 07:13:43.850761
1511|0|7|0.94|2024-06-12 07:13:51.332129
1512|0|5|0.96|2024-06-12 07:13:57.057936
1513|0|13|0.88|2024-06-12 07:14:09.094139
1514|0|5|0.96|2024-06-12 07:14:13.614737
1515|0|7|0.94|2024-06-12 07:14:21.591827
1516|0|15|0.86|2024-06-12 07:14:37.434991
1517|0|5|0.96|2024-06-12 07:14:41.856620
1518|0|16|-2.1199999999999997|2024-06-12 07:14:56.517860
1519|0|37|-5.299999999999996|2024-06-12 07:15:33.316653
1520|0|5|0.96|2024-06-12 07:15:39.091908
1521|0|38|-8.279999999999996|2024-06-12 07:16:15.330288
1522|0|5|0.96|2024-06-12 07:16:19.756426
1523|0|19|0.82|2024-06-12 07:16:37.212330
1524|0|9|0.92|2024-06-12 07:16:45.748822
1525|0|7|0.94|2024-06-12 07:16:53.437115
1526|0|15|0.86|2024-06-12 07:17:08.461198
1527|0|19|-3.139999999999998|2024-06-12 07:17:27.434606
1528|0|5|0.96|2024-06-12 07:17:32.275716
1529|0|7|0.94|2024-06-12 07:17:38.469136
1530|0|5|0.96|2024-06-12 07:17:43.793080
1531|0|28|-0.26000000000000023|2024-06-12 07:18:09.644972
1532|0|26|-8.159999999999998|2024-06-12 07:18:34.750146
1533|0|52|-4.459999999999996|2024-06-12 07:19:25.477247
1534|0|19|-1.1599999999999993|2024-06-12 07:19:44.684738
1535|0|19|-1.1599999999999993|2024-06-12 07:20:04.795993
1536|0|7|0.94|2024-06-12 07:20:12.947613
1537|0|7|-1.0399999999999991|2024-06-12 07:20:20.195973
1538|0|8|-0.06000000000000005|2024-06-12 07:20:28.555524
1539|0|8|-0.06000000000000005|2024-06-12 07:20:38.159820
1540|0|10|-0.08000000000000007|2024-06-12 07:20:51.053396
1541|0|10|-0.08000000000000007|2024-06-12 08:48:32.285746
1542|0|5|0.96|2024-06-12 08:48:37.412030
1543|0|9|0.92|2024-06-12 08:48:46.332062
1544|0|10|-0.08000000000000007|2024-06-12 08:48:57.211552
1545|0|5|0.96|2024-06-12 08:49:03.037554
1546|0|20|-0.17999999999999994|2024-06-12 08:49:25.944001
1547|0|11|0.9|2024-06-12 08:49:37.174000
1548|0|21|-3.1599999999999966|2024-06-12 08:49:58.370300
1549|0|32|-0.30000000000000027|2024-06-12 08:50:33.361194
1550|0|18|-2.139999999999998|2024-06-12 08:50:54.006459
1551|0|13|-1.0999999999999996|2024-06-12 08:51:07.845368
1552|0|17|0.84|2024-06-12 08:51:23.829127
1553|0|7|0.94|2024-06-12 08:51:30.594691
1554|0|82|-10.699999999999989|2024-06-12 08:53:00.988914
1555|0|5|0.96|2024-06-12 08:53:06.726417
1556|0|11|0.9|2024-06-12 08:53:20.126010
1557|0|7|0.94|2024-06-12 08:53:27.611041
1558|0|11|-1.0799999999999992|2024-06-12 08:53:39.587903
1559|0|27|-5.1999999999999975|2024-06-12 08:54:10.977119
1560|0|7|0.94|2024-06-12 08:54:20.642952
1561|0|8|-0.06000000000000005|2024-06-12 08:54:28.811527
1562|0|9|0.92|2024-06-12 08:54:38.340283
1563|0|6|-0.040000000000000036|2024-06-12 08:54:44.917372
1564|0|39|-7.299999999999997|2024-06-12 08:55:28.572590
1565|0|34|-8.239999999999997|2024-06-12 08:56:06.800125
1566|0|27|-1.239999999999997|2024-06-12 08:56:34.896171
1567|0|5|0.96|2024-06-12 08:56:39.707046
1568|0|7|0.94|2024-06-12 08:56:47.795923
1569|0|10|-0.08000000000000007|2024-06-12 08:56:59.885243
1570|0|13|0.88|2024-06-12 08:57:13.819561
1571|0|28|-6.199999999999997|2024-06-12 08:57:43.018854
1572|0|70|-4.639999999999993|2024-06-12 08:58:56.719630
1573|0|5|0.96|2024-06-12 08:59:02.840710
1574|0|8|-0.06000000000000005|2024-06-12 08:59:10.088158
1575|0|11|0.9|2024-06-12 08:59:22.769153
1576|0|15|-3.0999999999999988|2024-06-12 08:59:37.400718
1577|0|5|0.96|2024-06-12 08:59:42.482194
1578|0|5|0.96|2024-06-12 08:59:47.407878
1579|0|34|-8.239999999999997|2024-06-12 09:00:24.587646
1580|0|11|-1.0799999999999996|2024-06-12 10:28:29.362165
1581|0|20|-0.18000000000000016|2024-06-12 10:28:52.199149
1582|0|5|0.96|2024-06-12 10:28:57.532991
1583|0|5|0.96|2024-06-12 10:29:02.449287
1584|0|5|0.96|2024-06-12 10:29:07.414795
1585|0|11|0.9|2024-06-12 10:29:20.724907
1586|0|63|-9.519999999999994|2024-06-12 10:30:31.186965
1587|0|30|-0.28|2024-06-12 10:31:02.500669
1588|0|8|-0.06000000000000005|2024-06-12 10:31:10.519265
1589|0|10|-0.08000000000000007|2024-06-12 10:31:21.587495
1590|0|62|-12.479999999999995|2024-06-12 10:32:32.716977
1591|0|5|0.96|2024-06-12 10:32:37.738364
1592|0|38|-8.279999999999998|2024-06-12 10:33:19.504798
1593|0|67|-11.539999999999992|2024-06-12 10:34:33.303211
1594|0|22|-2.1799999999999993|2024-06-12 10:34:56.254609
1595|0|9|-1.0599999999999996|2024-06-12 10:35:08.251022
1596|0|24|-0.21999999999999997|2024-06-12 10:35:34.794274
1597|0|13|0.88|2024-06-12 10:35:50.378995
1598|0|15|0.86|2024-06-12 10:36:05.847924
1599|0|100|-14.859999999999985|2024-06-12 10:37:53.415439
1600|0|5|0.96|2024-06-12 10:38:02.513453
1601|0|39|0.6199999999999999|2024-06-12 10:38:45.120177
1602|0|11|0.9|2024-06-12 10:38:57.487177
1603|0|5|0.96|2024-06-12 10:39:03.348055
1604|0|28|-6.199999999999996|2024-06-12 10:39:35.138392
1605|0|92|-14.75999999999999|2024-06-12 12:08:57.222453
1606|0|8|-0.06000000000000005|2024-06-12 12:09:05.911297
1607|0|63|-21.40000000000001|2024-06-12 12:10:12.327382
1608|0|19|-7.099999999999998|2024-06-12 12:10:31.875368
1609|0|15|0.86|2024-06-12 12:10:50.796495
1610|0|5|0.96|2024-06-12 12:10:57.632591
1611|0|11|0.9|2024-06-12 12:11:07.685275
1612|0|39|-1.3599999999999994|2024-06-12 12:11:48.190784
1613|0|100|-23.770000000000003|2024-06-12 12:13:37.149004
1614|0|11|0.9|2024-06-12 12:13:49.136629
1615|0|7|0.94|2024-06-12 12:13:58.340599
1616|0|5|0.96|2024-06-12 12:14:03.211200
1617|0|16|-0.14000000000000012|2024-06-12 12:14:22.098671
1618|0|51|-5.439999999999997|2024-06-12 12:15:16.962216
1619|0|7|0.94|2024-06-12 12:15:23.988118
1620|0|51|-3.459999999999992|2024-06-12 12:16:20.895066
1621|0|6|-0.040000000000000036|2024-06-12 12:16:27.439494
1622|0|13|0.88|2024-06-12 12:16:42.252107
1623|0|23|0.7799999999999999|2024-06-12 12:17:06.165943
1624|0|8|-0.06000000000000005|2024-06-12 12:17:15.313045
1625|0|10|-0.08000000000000007|2024-06-12 12:17:26.928446
1626|0|28|-4.219999999999998|2024-06-12 12:17:56.933447
1627|0|5|0.96|2024-06-12 12:18:02.872729
1628|0|7|0.94|2024-06-12 12:18:10.420912
1629|0|47|-7.379999999999999|2024-06-12 12:18:59.848892
1630|0|46|-12.319999999999995|2024-06-12 12:19:51.033184
1631|0|29|-3.2399999999999958|2024-06-12 12:20:21.436043
1632|0|12|-0.10000000000000009|2024-06-12 12:20:33.864266
1633|0|23|0.7799999999999999|2024-06-12 13:48:55.757849
1634|0|9|0.92|2024-06-12 13:49:04.975647
1635|0|22|-0.20000000000000018|2024-06-12 13:49:33.285560
1636|0|11|0.9|2024-06-12 13:49:43.699614
1637|0|7|0.94|2024-06-12 13:49:51.949401
1638|0|10|-0.08000000000000007|2024-06-12 13:50:03.711367
1639|0|35|-5.279999999999996|2024-06-12 13:50:43.793047
1640|0|25|-7.159999999999998|2024-06-12 13:51:11.120479
1641|0|5|0.96|2024-06-12 13:51:16.223403
1642|0|5|0.96|2024-06-12 13:51:21.822698
1643|0|11|0.9|2024-06-12 13:51:33.801734
1644|0|7|0.94|2024-06-12 13:51:41.195698
1645|0|63|-9.519999999999992|2024-06-12 13:52:51.428087
1646|0|33|-5.259999999999998|2024-06-12 13:53:25.561905
1647|0|6|-0.040000000000000036|2024-06-12 13:53:32.364168
1648|0|11|-1.0799999999999996|2024-06-12 13:53:45.150363
1649|0|9|0.92|2024-06-12 13:53:54.129501
1650|0|24|-0.21999999999999997|2024-06-12 13:54:20.985203
1651|0|66|-14.499999999999991|2024-06-12 13:55:30.524366
1652|0|28|-8.179999999999998|2024-06-12 13:56:01.314512
1653|0|22|-0.20000000000000018|2024-06-12 13:56:24.992995
1654|0|32|-2.279999999999997|2024-06-12 13:56:57.710465
1655|0|12|-2.079999999999999|2024-06-12 13:57:12.053432
1656|0|7|0.94|2024-06-12 13:57:18.627143
1657|0|11|0.9|2024-06-12 13:57:30.556131
1658|0|26|-6.179999999999998|2024-06-12 13:57:58.892870
1659|0|21|0.7999999999999999|2024-06-12 13:58:21.185428
1660|0|10|-0.08000000000000007|2024-06-12 13:58:34.264395
1661|0|6|-0.040000000000000036|2024-06-12 13:58:40.268862
1662|0|39|-7.299999999999995|2024-06-12 13:59:23.020236
1663|0|5|0.96|2024-06-12 13:59:28.273157
1664|0|9|0.92|2024-06-12 13:59:37.558458
1665|0|26|-2.219999999999998|2024-06-12 14:00:05.025779
1666|0|17|-1.1399999999999997|2024-06-12 14:00:23.809759
1667|0|8|-0.06000000000000005|2024-06-12 14:00:33.089089
1668|0|30|-2.259999999999998|2024-06-12 15:28:51.357955
1669|0|22|-0.19999999999999996|2024-06-12 15:29:15.644869
1670|0|11|0.9|2024-06-12 15:29:29.656454
1671|0|9|0.92|2024-06-12 15:29:38.517034
1672|0|8|-2.04|2024-06-12 15:29:48.073527
1673|0|14|-0.1200000000000001|2024-06-12 15:30:02.440022
1674|0|9|0.92|2024-06-12 15:30:11.291744
1675|0|13|-1.0999999999999996|2024-06-12 15:30:25.072663
1676|0|7|0.94|2024-06-12 15:30:32.034739
1677|0|7|0.94|2024-06-12 15:30:39.343740
1678|0|8|-0.06000000000000005|2024-06-12 15:30:49.102468
1679|0|24|-0.21999999999999997|2024-06-12 15:31:15.626820
1680|0|28|-2.239999999999998|2024-06-12 15:31:46.677983
1681|0|5|0.96|2024-06-12 15:31:51.918155
1682|0|11|0.9|2024-06-12 15:32:02.604828
1683|0|5|0.96|2024-06-12 15:32:07.965143
1684|0|5|0.96|2024-06-12 15:32:13.414452
1685|0|7|0.94|2024-06-12 15:32:22.554456
1686|0|36|-2.319999999999995|2024-06-12 15:33:04.214125
1687|0|5|0.96|2024-06-12 15:33:08.883063
1688|0|47|-5.399999999999995|2024-06-12 15:33:58.082948
1689|0|5|0.96|2024-06-12 15:34:03.414930
1690|0|5|0.96|2024-06-12 15:34:10.138580
1691|0|11|0.9|2024-06-12 15:34:22.624154
1692|0|37|-11.239999999999997|2024-06-12 15:35:03.151937
1693|0|89|-15.720000000000006|2024-06-12 15:36:35.528475
1694|0|9|0.92|2024-06-12 15:36:44.152262
1695|0|5|0.96|2024-06-12 15:36:51.434867
1696|0|18|-0.16000000000000014|2024-06-12 15:37:11.296909
1697|0|5|0.96|2024-06-12 15:37:16.871801
1698|0|13|0.88|2024-06-12 15:37:31.215534
1699|0|25|-1.219999999999998|2024-06-12 15:37:58.961632
1700|0|46|-14.299999999999995|2024-06-12 15:38:46.362991
1701|0|18|-0.16000000000000014|2024-06-12 15:39:07.828948
1702|0|11|0.9|2024-06-12 15:39:18.508406
1703|0|11|0.9|2024-06-12 15:39:30.274393
1704|0|5|0.96|2024-06-12 15:39:34.650530
1705|0|29|0.72|2024-06-12 15:40:06.288696
1706|0|7|0.94|2024-06-12 15:40:12.796126
1707|0|8|-0.06000000000000005|2024-06-12 15:40:21.563013
1708|0|6|-0.040000000000000036|2024-06-12 15:40:29.038866
1709|0|57|-11.439999999999992|2024-06-12 17:08:02.405654
1710|0|16|-0.14000000000000012|2024-06-12 17:08:21.301522
1711|0|19|0.82|2024-06-12 17:08:41.838693
1712|0|7|0.94|2024-06-12 17:08:49.032335
1713|0|5|0.96|2024-06-12 17:08:53.751040
1714|0|5|0.96|2024-06-12 17:08:58.291325
1715|0|100|-9.90999999999998|2024-06-12 17:10:43.957237
1716|0|14|-0.1200000000000001|2024-06-12 17:11:00.916890
1717|0|5|0.96|2024-06-12 17:11:05.938667
1718|0|5|0.96|2024-06-12 17:11:10.781245
1719|0|9|0.92|2024-06-12 17:11:21.142570
1720|0|26|-4.199999999999999|2024-06-12 17:11:52.732052
1721|0|7|0.94|2024-06-12 17:12:00.755307
1722|0|6|-0.040000000000000036|2024-06-12 17:12:07.525707
1723|0|7|0.94|2024-06-12 17:12:15.308466
1724|0|9|0.92|2024-06-12 17:12:26.222364
1725|0|21|-1.1799999999999988|2024-06-12 17:12:50.466173
1726|0|23|-5.159999999999998|2024-06-12 17:13:16.139742
1727|0|7|0.94|2024-06-12 17:13:23.330452
1728|0|7|-1.0399999999999991|2024-06-12 17:13:31.132331
1729|0|29|-7.1999999999999975|2024-06-12 17:14:04.229859
1730|0|9|-1.0599999999999987|2024-06-12 17:14:14.391608
1731|0|10|-0.08000000000000007|2024-06-12 17:14:26.434365
1732|0|15|0.86|2024-06-12 17:14:43.941735
1733|0|7|0.94|2024-06-12 17:14:51.461183
1734|0|6|-0.040000000000000036|2024-06-12 17:14:58.690465
1735|0|5|0.96|2024-06-12 17:15:05.945721
1736|0|5|0.96|2024-06-12 17:15:11.195933
1737|0|5|0.96|2024-06-12 17:15:16.304349
1738|0|7|0.94|2024-06-12 17:15:23.797332
1739|0|13|0.88|2024-06-12 17:15:37.695074
1740|0|5|0.96|2024-06-12 17:15:43.703982
1741|0|11|0.9|2024-06-12 17:15:55.857274
1742|0|17|-1.1399999999999988|2024-06-12 17:16:14.564457
1743|0|12|-0.10000000000000009|2024-06-12 17:16:27.396891
1744|0|9|0.92|2024-06-12 17:16:39.157291
1745|0|7|0.94|2024-06-12 17:16:48.157176
1746|0|26|-2.219999999999998|2024-06-12 17:17:15.301181
1747|0|35|-7.259999999999996|2024-06-12 17:17:54.504829
1748|0|59|-11.459999999999992|2024-06-12 17:19:01.252499
1749|0|13|-1.0999999999999996|2024-06-12 17:19:15.542904
1750|0|5|0.96|2024-06-12 17:19:21.468943
1751|0|32|-4.259999999999996|2024-06-12 18:47:52.035072
1752|0|5|0.96|2024-06-12 18:47:57.046325
1753|0|19|-1.1599999999999988|2024-06-12 18:48:16.850762
1754|0|13|-1.0999999999999992|2024-06-12 18:48:29.931763
1755|0|20|-2.1599999999999993|2024-06-12 18:48:53.608746
1756|0|6|-0.040000000000000036|2024-06-12 18:48:59.081133
1757|0|8|-0.06000000000000005|2024-06-12 18:49:07.195995
1758|0|19|0.82|2024-06-12 18:49:28.923492
1759|0|12|-0.10000000000000009|2024-06-12 18:49:40.315886
1760|0|7|0.94|2024-06-12 18:49:49.407977
1761|0|7|0.94|2024-06-12 18:49:56.863112
1762|0|41|-9.299999999999995|2024-06-12 18:50:41.224325
1763|0|5|0.96|2024-06-12 18:50:47.343507
1764|0|21|-1.1799999999999984|2024-06-12 18:51:08.887447
1765|0|10|-0.08000000000000007|2024-06-12 18:51:21.040387
1766|0|13|0.88|2024-06-12 18:51:35.625563
1767|0|26|-8.159999999999998|2024-06-12 18:52:02.447244
1768|0|5|0.96|2024-06-12 18:52:07.824731
1769|0|9|0.92|2024-06-12 18:52:17.544665
1770|0|31|-1.2799999999999967|2024-06-12 18:52:51.209914
1771|0|5|0.96|2024-06-12 18:52:57.304821
1772|0|21|0.7999999999999999|2024-06-12 18:53:18.844987
1773|0|17|0.84|2024-06-12 18:53:38.819993
1774|0|21|-1.179999999999998|2024-06-12 18:54:01.186611
1775|0|5|0.96|2024-06-12 18:54:07.439733
1776|0|5|0.96|2024-06-12 18:54:12.714102
1777|0|9|0.92|2024-06-12 18:54:22.547331
1778|0|25|-3.1999999999999975|2024-06-12 18:54:49.016888
1779|0|48|-12.339999999999995|2024-06-12 18:55:42.108174
1780|0|5|0.96|2024-06-12 18:55:49.485204
1781|0|9|0.92|2024-06-12 18:55:58.922578
1782|0|5|0.96|2024-06-12 18:56:04.113525
1783|0|25|0.7599999999999999|2024-06-12 18:56:30.738939
1784|0|11|0.9|2024-06-12 18:56:42.501658
1785|0|15|0.86|2024-06-12 18:56:59.215875
1786|0|19|-1.1599999999999975|2024-06-12 18:57:21.637925
1787|0|7|0.94|2024-06-12 18:57:28.145931
1788|0|7|0.94|2024-06-12 18:57:35.674594
1789|0|18|-2.139999999999999|2024-06-12 18:57:55.857397
1790|0|5|0.96|2024-06-12 18:58:01.912101
1791|0|67|-5.5999999999999925|2024-06-12 18:59:17.569842
1792|0|26|-0.24|2024-06-12 18:59:45.099865
1793|0|5|0.96|2024-06-12 18:59:50.131101
1794|0|6|-0.040000000000000036|2024-06-12 18:59:56.449033
